residue,prediction score
646,0.0
647,0.0
648,0.0
649,0.0
650,0.0
651,0.0
652,0.0
653,0.0
654,0.0
655,0.0
656,0.0
657,0.0
658,0.2
659,0.0
660,0.0
661,0.0
662,0.0
663,0.0
664,0.0
665,0.4
666,0.0
667,0.0
668,0.0
669,0.0
670,1.0
671,0.0
672,0.0
673,0.9
674,0.0
675,0.0
676,0.0
677,0.0
678,0.0
679,0.0
680,0.0
681,0.0
682,0.0
683,1.0
684,0.0
685,0.0
686,0.0
687,0.0
688,0.0
689,0.0
690,0.0
691,0.1
692,0.0
693,0.05
694,0.0
695,0.0
696,0.0
697,0.08333333333333334
698,0.0
699,0.0
700,0.0
701,0.0
702,0.0
703,0.1
704,0.0
705,0.0
706,0.0
707,0.0
708,0.0
709,0.0
710,0.0
711,0.0
712,0.0
713,0.0
714,0.0
715,0.0
716,0.0
717,0.0
718,0.0
719,0.0
720,0.0
721,0.0
722,0.0
723,0.0
724,0.0
725,0.0
726,0.0
727,0.0
728,0.0
729,0.002625246116823452
730,0.0
731,0.002625246116823452
732,0.0
733,0.08333333333333334
734,0.0
735,0.0
736,0.5
737,0.5
738,0.0
739,0.0
740,0.7
741,0.0
742,0.0
743,0.2
744,0.0
745,0.0
746,0.0
747,0.0
748,0.5
749,0.0
750,0.2
751,0.7
752,0.7
753,0.0
754,1.0
755,0.0
756,1.0
757,0.6
758,0.0
759,0.1
760,0.2
761,0.8
762,0.5
763,0.5
764,0.1
765,0.0
766,0.0
767,0.0
768,0.0
769,0.0
770,0.2
771,0.9
772,0.9
773,0.1
774,0.2
775,0.8
776,0.0
777,0.2
778,0.0
779,0.1
780,0.0
781,0.1
782,0.0
783,0.0
784,0.0
785,0.0
786,0.0
787,0.0
788,0.0
789,0.0
790,0.0
791,0.0
792,0.0
793,0.0
794,0.0
795,0.0
796,0.0
797,0.0
798,0.0
799,0.1
800,0.0
801,0.2
802,0.0
803,0.0
804,0.0
805,0.0
806,0.0
807,0.0
808,0.0
809,0.1
810,0.2
811,0.1
812,0.1
813,0.0
814,0.0
815,0.0
816,0.0
817,0.0
818,0.0
819,0.0
820,0.0
821,0.0
822,0.0
823,0.0
824,0.0
825,0.0
826,0.0
827,0.0
828,0.0
829,0.1
830,1.0
831,0.0
832,0.0
833,0.1
834,0.2
835,0.2
836,1.0
837,0.0
838,0.0
839,0.6
840,0.0
841,0.0
842,0.0
843,0.0
844,0.0
845,0.0
846,0.0
847,0.0
848,0.0
849,0.0
850,0.0
851,0.0
852,0.0
853,0.0
854,0.0
855,0.0
856,0.0
857,0.0
