residue,prediction score
1,0.1973626445097959
2,0.10532578808627356
3,0.10282146275858664
4,0.10282146275858664
5,0.10154654083994856
6,0.10154654083994856
7,0.12794878429016776
8,0.12794878429016776
9,0.10154654083994856
10,0.1304531096178547
11,0.23421738260183364
12,0.1040508661676355
13,0.1292237062088058
14,0.23421738260183364
15,0.1040508661676355
16,0.2289916521729644
17,0.4626952307564397
18,0.17974012996567015
19,0.4626952307564397
20,0.1273976118100392
21,0.37414062455550784
22,0.12651074578620866
23,0.1273976118100392
24,0.1273976118100392
25,0.1317280315364927
26,0.4626952307564397
27,0.4359162092563428
28,0.4359162092563428
29,0.4620119475052797
30,0.4331156937705567
31,0.4628698706704328
32,0.4628698706704328
33,0.4331156937705567
34,0.16354306203000013
35,0.1610387367023132
36,0.33248224627592543
37,0.12794878429016776
38,0.1273976118100392
39,0.1040508661676355
40,0.07082750369795847
41,0.10154654083994856
42,0.1292237062088058
43,0.10227029027845803
44,0.10227029027845803
45,0.1273976118100392
46,0.10099536835981998
47,0.1273976118100392
48,0.10099536835981998
49,0.12651074578620866
50,0.10099536835981998
51,0.1273976118100392
52,0.12651074578620866
53,0.12651074578620866
54,0.1001085023359894
55,0.12638560039014687
56,0.1273976118100392
57,0.1273976118100392
58,0.3451833926567828
59,0.3451833926567828
60,0.3719624141568795
61,0.1273976118100392
