residue,prediction score
36,0.03925505128919606
37,0.10099536835981998
38,0.34736160305541114
39,0.03350087124187684
40,0.2263887783583018
41,0.022569485647355204
42,0.03211185569259778
43,0.022569485647355204
44,0.12706191826633714
45,0.37414062455550784
46,0.12651074578620866
47,0.3451833926567828
48,0.1001085023359894
49,0.34736160305541114
50,0.029560234468762863
51,0.27944033581130456
52,0.17830209146171105
53,0.12651074578620866
54,0.031142138605257594
55,0.022569485647355204
56,0.03925505128919606
57,0.1001085023359894
58,0.2323937773286483
59,0.03925505128919606
60,0.031142138605257594
61,0.022569485647355204
62,0.029560234468762863
63,0.022569485647355204
64,0.022569485647355204
65,0.031142138605257594
66,0.12706191826633714
67,0.33248224627592543
68,0.04825163461383185
69,0.18826591862578174
70,0.4635531539215927
71,0.4635531539215927
72,0.4331156937705567
73,0.3839020857772485
74,0.4620119475052797
75,0.4635531539215927
76,0.4626952307564397
77,0.4626952307564397
78,0.4626952307564397
79,0.07082750369795847
80,0.2289916521729644
81,0.4635531539215927
82,0.10099536835981998
83,0.33248224627592543
84,0.3610741305246412
85,0.21952726188180485
86,0.12651074578620866
87,0.12651074578620866
88,0.022569485647355204
89,0.022569485647355204
90,0.1273976118100392
91,0.029560234468762863
92,0.022569485647355204
93,0.07233999697664352
94,0.329759919515672
95,0.03350087124187684
96,0.02378553875443154
97,0.12794878429016776
98,0.12638560039014687
99,0.12638560039014687
100,0.04083695542569078
101,0.3610741305246412
102,0.02536744289092628
103,0.17974012996567015
104,0.12706191826633714
105,0.12651074578620866
106,0.1273976118100392
107,0.1273976118100392
108,0.029560234468762863
109,0.03925505128919606
110,0.24824490127454976
111,0.24824490127454976
112,0.24824490127454976
113,0.022569485647355204
114,0.032264302467788414
115,0.04180667251303097
116,0.022569485647355204
117,0.032264302467788414
118,0.03925505128919606
119,0.12651074578620866
120,0.022569485647355204
121,0.03925505128919606
122,0.022569485647355204
123,0.03348035557486475
124,0.03925505128919606
125,0.2323937773286483
126,0.03925505128919606
