residue,prediction score
159,0.03188800413020712
160,0.15003995749145668
161,0.1771924688113734
162,0.022569485647355204
163,0.03384620660428315
164,0.022569485647355204
165,0.032264302467788414
166,0.0362049392409024
167,0.022569485647355204
168,0.37414062455550784
169,0.2323937773286483
170,0.2323937773286483
171,0.03350087124187684
172,0.022569485647355204
173,0.041582820950640316
174,0.3364733194231729
175,0.022569485647355204
176,0.041582820950640316
177,0.3364733194231729
178,0.33248224627592543
179,0.022569485647355204
180,0.19415460559216424
181,0.3565389410157686
182,0.23823490090960805
183,0.02536744289092628
184,0.13989632104670546
185,0.15369839614239586
186,0.13216709286901618
187,0.0362049392409024
188,0.0362049392409024
189,0.22346072603789496
190,0.22346072603789496
191,0.032264302467788414
192,0.032264302467788414
193,0.22346072603789496
194,0.032264302467788414
195,0.022569485647355204
196,0.03384620660428315
197,0.022569485647355204
198,0.12577592444749228
199,0.022569485647355204
200,0.03384620660428315
201,0.041582820950640316
202,0.13794178858334752
203,0.13794178858334752
204,0.035062259711359484
205,0.03384620660428315
206,0.2828699931644387
207,0.4626952307564397
208,0.022569485647355204
209,0.1829671645257048
210,0.4626952307564397
211,0.4626952307564397
212,0.022569485647355204
213,0.42428296642023694
214,0.4635531539215927
215,0.4626952307564397
216,0.1001085023359894
217,0.3610741305246412
218,0.23537838582770645
219,0.20216195662315428
220,0.024151389783849942
221,0.024151389783849942
222,0.041582820950640316
223,0.041582820950640316
224,0.13216709286901618
225,0.13216709286901618
226,0.15003995749145668
