residue,prediction score
97,0.6
98,0.0
99,0.7
100,0.1
101,0.6
102,0.7
103,1.0
104,0.7
105,0.3
106,0.8
107,0.5
108,0.0
109,0.0
110,0.4
111,0.4
112,0.0
113,0.0
114,1.0
115,0.5
116,0.8
117,0.0
118,0.9
119,0.1
120,0.0
121,0.0
122,0.0
123,0.0
124,0.0
125,0.0
126,0.0
127,0.0
128,0.9
129,1.0
130,0.0
131,0.1
132,0.0
133,0.0
134,0.0
135,0.0
136,0.0
137,0.0
138,0.0
139,0.0
140,0.0
141,0.0
142,0.0
143,0.0
144,0.0
145,0.0
146,0.1
147,0.3
148,0.8
149,0.4
150,0.0
151,0.0
152,0.1
153,0.0
154,0.0
155,0.0
156,0.0
157,0.0031746031746031746
158,0.0
159,0.0
160,0.0
161,0.0031746031746031746
162,0.0
163,0.0
164,0.0
165,0.0
166,0.7
167,0.3
168,0.1
169,0.3
170,0.4
171,0.0
172,0.2
173,0.0
174,0.2
175,0.0
176,0.0
177,0.0
178,0.1
179,0.1
180,0.1
181,0.1
182,0.1
183,0.0
184,0.1
185,0.1
186,0.4
187,0.3
188,0.3
189,0.0
190,0.0
191,0.2
192,0.0
193,0.0
194,0.0031746031746031746
195,0.0031746031746031746
196,0.0
197,0.0
198,0.2
199,1.0
200,0.2
201,0.2
202,0.3
203,0.0
204,0.2
205,0.0
206,0.5
207,0.4
208,0.2
209,0.2
210,0.0
211,0.6
212,0.6
213,0.0
214,0.0
215,0.0
216,0.0031746031746031746
217,0.0
218,0.0
219,0.0
220,0.0
221,0.7
222,0.0
223,0.0
224,0.0
225,0.2
226,0.3
227,0.2
228,0.0
229,0.0
230,0.0
231,0.2
232,0.0
233,0.1
234,0.0031746031746031746
235,0.0
236,0.0031746031746031746
237,0.0
238,0.0
239,0.9
240,0.0
241,0.0
242,0.0
243,0.2
244,0.2
245,0.0
246,0.0
247,0.5
248,0.0
249,0.0
250,0.0
251,0.030612244897959183
252,0.0
253,0.0
254,0.0
255,0.0
256,0.0
257,0.0
258,0.0
259,0.0
260,0.0
261,0.1
262,0.0
263,0.0
264,0.3
265,0.5
266,0.0
267,0.0
268,0.3
269,0.0
270,0.0
271,0.0
272,0.030612244897959183
273,0.0
274,0.0
275,0.0
276,0.0
277,0.0
278,0.0
279,0.0
280,0.0
281,0.0
282,0.0
283,0.0
284,0.0
285,0.1
286,0.1
287,0.0
