residue,prediction score
1,0.1
2,0.3
3,0.0
4,0.0
5,0.0
6,0.05
7,0.0
8,0.0031746031746031746
9,0.0031746031746031746
10,0.06060606060606059
11,0.0
12,0.0
13,0.1
14,0.0
15,0.0
16,0.0
17,0.0
18,0.0
19,0.0
20,0.05
21,0.0
22,0.0
23,0.0
24,0.0
25,1.0
26,0.1
27,0.3
28,0.0
29,0.1
30,0.9
31,0.5
32,0.2
33,0.9
34,0.4
35,0.0
36,0.3
37,0.9
38,0.9
39,0.0
40,0.0
41,0.3
42,0.0
43,0.0
44,0.0
45,0.0
46,0.0
47,0.0
48,0.0
49,0.0
50,0.0
51,0.0
52,0.0
53,0.0
54,0.0
55,0.0
56,0.0
57,0.0
58,0.0
59,0.0
60,0.0
61,0.3
62,0.6
63,0.8
64,0.4
65,0.5
66,0.1
67,0.8
68,0.0
69,0.1
70,0.0
71,0.0
72,0.035714285714285705
73,0.0
74,0.1
75,0.0
76,0.0
77,0.0
78,0.06060606060606059
79,0.0031746031746031746
80,0.0031746031746031746
81,0.0031746031746031746
82,0.0
83,0.33333333333333337
84,0.0
85,0.0
86,0.0
87,0.0
88,0.0
89,0.0
90,0.0
91,0.0
92,0.0
93,0.5
94,0.0
95,0.0
96,0.0
97,0.0
98,0.0
99,0.0
100,0.0
101,0.0
102,0.0
103,0.0
104,0.0
105,0.0
106,0.0
107,0.0
108,0.0
109,0.0
110,0.0
111,0.0
112,0.0
113,0.01680672268907563
114,0.0031746031746031746
115,0.06060606060606059
116,0.0
117,0.0
118,0.0
119,0.0
120,0.0
121,0.0
122,0.0
123,0.0
124,0.0
125,0.0
126,0.0
127,0.0
128,0.0
129,0.0
130,0.0
131,0.0
132,0.0
133,0.1
134,0.0
135,0.0
136,0.0
137,0.0
138,0.0
139,0.0
140,0.0
141,0.0
142,0.0
143,0.0
144,0.0
145,0.0
146,0.0
147,0.1
148,0.0
149,0.0
150,0.0
151,0.0
152,0.0
153,0.0
154,0.0
155,0.0
156,0.0031746031746031746
157,0.0
158,0.0
159,0.0
160,0.0
161,0.0
162,0.0
163,0.0
164,0.1
165,0.0
166,0.0
