residue,prediction score
1,0.03074245635419887
2,0.03074245635419887
3,0.03074245635419887
4,0.03074245635419887
5,0.04792009300504585
6,0.03074245635419887
7,0.03074245635419887
8,0.022759183755377714
9,0.03074245635419887
10,0.04792009300504585
11,0.04792009300504585
12,0.03074245635419887
13,0.03074245635419887
14,0.04792009300504585
15,0.022759183755377714
16,0.02309754134337609
17,0.04792009300504585
18,0.022759183755377714
19,0.022759183755377714
20,0.03074245635419887
21,0.03074245635419887
22,0.03074245635419887
23,0.024123131413751237
24,0.04792009300504585
25,0.10099597286668346
26,0.10115424999147196
27,0.11885738337406612
28,0.2427451093665337
29,0.2427451093665337
30,0.2487916923687829
31,0.3070173597451428
32,0.4511016461588467
33,0.22274031679377929
34,0.2520481706601049
35,0.4511016461588467
36,0.3023997604406996
37,0.2004687193883572
38,0.2427451093665337
39,0.1199341204351004
40,0.2427451093665337
41,0.14915537886393115
42,0.14915537886393115
43,0.14690598721704615
44,0.022759183755377714
45,0.039826204741252216
46,0.2204735119611115
47,0.2004687193883572
48,0.2427451093665337
49,0.3524743831131195
50,0.2427451093665337
51,0.2204735119611115
52,0.03074245635419887
53,0.11972059614617167
54,0.10464080248752143
55,0.10464080248752143
56,0.022759183755377714
57,0.022759183755377714
58,0.2204735119611115
59,0.04894556819629494
60,0.2004687193883572
61,0.11613385672931292
62,0.13763138108772144
63,0.3402125102526671
64,0.2427451093665337
65,0.2288159448980182
66,0.3268402568808489
67,0.3184533921696893
68,0.04085167993250132
69,0.03074245635419887
70,0.022759183755377714
71,0.022759183755377714
72,0.0241230165346252
73,0.02378465894662682
74,0.2427451093665337
75,0.03074245635419887
76,0.03074245635419887
77,0.03074245635419887
78,0.03074245635419887
79,0.022759183755377714
80,0.03074245635419887
81,0.03074245635419887
82,0.022759183755377714
83,0.03176793154544797
84,0.3184533921696893
85,0.31916742344091603
86,0.31916742344091603
87,0.12626890762344548
88,0.039826204741252216
89,0.022759183755377714
90,0.03074245635419887
91,0.03074245635419887
92,0.022759183755377714
93,0.02309754134337609
94,0.022759183755377714
95,0.03074245635419887
96,0.039826204741252216
