residue,prediction score
1,0.10112520488948236
2,0.10112520488948236
3,0.10099597286668346
4,0.10099597286668346
5,0.10102501796867308
6,0.10099597286668346
7,0.03074245635419887
8,0.03074245635419887
9,0.10377758971541587
10,0.10464080248752143
11,0.10464080248752143
12,0.1046117573855318
13,0.11972059614617167
14,0.057106013528449025
15,0.12571540624924288
16,0.10112520488948236
17,0.10374854461342628
18,0.22274031679377929
19,0.03906516410549648
20,0.03906516410549648
21,0.03074245635419887
22,0.022759183755377714
23,0.022759183755377714
24,0.022759183755377714
25,0.02309754134337609
26,0.10102501796867308
27,0.022759183755377714
28,0.022759183755377714
29,0.022759183755377714
30,0.03074245635419887
31,0.03074245635419887
32,0.03074245635419887
33,0.022759183755377714
34,0.03074245635419887
35,0.03074245635419887
36,0.11974964124816127
37,0.2204735119611115
38,0.022759183755377714
39,0.022759183755377714
40,0.033206879800804584
41,0.2227896126075221
42,0.2204735119611115
43,0.039826204741252216
44,0.11613385672931292
45,0.039826204741252216
46,0.11613385672931292
47,0.2204735119611115
48,0.04792009300504585
49,0.14915537886393115
50,0.1199341204351004
51,0.14915537886393115
52,0.2427451093665337
53,0.2487916923687829
54,0.2427451093665337
55,0.2204735119611115
56,0.2004687193883572
57,0.22274031679377929
58,0.022759183755377714
59,0.13292628501787826
60,0.13763138108772144
61,0.1046117573855318
62,0.02309754134337609
63,0.022759183755377714
64,0.1046117573855318
65,0.12485219347713733
66,0.03074245635419887
67,0.10102501796867308
68,0.03142024909467371
69,0.03176793154544797
70,0.10112520488948236
71,0.03074245635419887
72,0.022759183755377714
73,0.022759183755377714
74,0.022759183755377714
75,0.022759183755377714
76,0.022759183755377714
77,0.04792009300504585
78,0.03906516410549648
79,0.11972059614617167
80,0.2427451093665337
81,0.2004687193883572
82,0.2487916923687829
83,0.057106013528449025
84,0.10464080248752143
85,0.4488167855328622
86,0.10102501796867308
87,0.4511016461588467
88,0.4511016461588467
89,0.4227894197780462
90,0.4511016461588467
91,0.07564733445726347
92,0.06373405749254424
93,0.3994625489732498
94,0.11613385672931292
95,0.022759183755377714
96,0.02309754134337609
97,0.022759183755377714
98,0.022759183755377714
99,0.03074245635419887
100,0.022759183755377714
101,0.022759183755377714
102,0.03074245635419887
103,0.022759183755377714
104,0.03074245635419887
105,0.03074245635419887
106,0.022759183755377714
107,0.03074245635419887
