residue,prediction score
1,0.03176793154544797
2,0.022759183755377714
3,0.022759183755377714
4,0.031842932142431064
5,0.022759183755377714
6,0.022759183755377714
7,0.022759183755377714
8,0.022759183755377714
9,0.022759183755377714
10,0.022759183755377714
11,0.022759183755377714
12,0.022759183755377714
13,0.02378465894662682
14,0.02378465894662682
15,0.022759183755377714
16,0.022759183755377714
17,0.022759183755377714
18,0.022759183755377714
19,0.022759183755377714
20,0.022759183755377714
21,0.02378465894662682
22,0.02378465894662682
23,0.022759183755377714
24,0.02309754134337609
25,0.2004687193883572
26,0.08134813220387957
27,0.10099597286668346
28,0.1162340436501222
29,0.2637606771807056
30,0.04792009300504585
31,0.2004687193883572
32,0.0241230165346252
33,0.03176793154544797
34,0.13292628501787826
35,0.2004687193883572
36,0.14849460376986567
37,0.022759183755377714
38,0.2004687193883572
39,0.22274031679377929
40,0.10102501796867308
41,0.03074245635419887
42,0.22274031679377929
43,0.2637606771807056
44,0.44980049023069824
45,0.22878689979602865
46,0.2427451093665337
47,0.10115424999147196
48,0.03176793154544797
49,0.022759183755377714
50,0.03286840733368017
51,0.022759183755377714
52,0.02378465894662682
53,0.022759183755377714
54,0.02378465894662682
55,0.02378465894662682
56,0.022759183755377714
57,0.13292628501787826
58,0.02378465894662682
59,0.022759183755377714
60,0.03142024909467371
61,0.02378465894662682
62,0.022759183755377714
63,0.022759183755377714
64,0.022759183755377714
65,0.022759183755377714
66,0.022759183755377714
67,0.022759183755377714
68,0.022759183755377714
69,0.022759183755377714
70,0.022759183755377714
71,0.022759183755377714
72,0.022759183755377714
73,0.022759183755377714
74,0.022759183755377714
75,0.022759183755377714
76,0.03074245635419887
77,0.022759183755377714
78,0.022759183755377714
79,0.022759183755377714
80,0.10464080248752143
81,0.05821359785311527
82,0.05557361216039016
83,0.03176793154544797
84,0.022759183755377714
85,0.03142024909467371
86,0.03142024909467371
87,0.12626890762344548
88,0.03142024909467371
89,0.02378465894662682
