residue,prediction score
71,0.2427451093665337
72,0.11972059614617167
73,0.3254122322966984
74,0.2427451093665337
75,0.2427451093665337
76,0.17682917475279536
77,0.11972059614617167
78,0.1046117573855318
79,0.10112520488948236
80,0.10374854461342628
81,0.12571540624924288
82,0.12571540624924288
83,0.10099597286668346
84,0.10099597286668346
85,0.10099597286668346
86,0.10099597286668346
87,0.10099597286668346
88,0.10099597286668346
89,0.10099597286668346
90,0.1161048116273233
91,0.10099597286668346
92,0.10099597286668346
93,0.1161048116273233
94,0.10099597286668346
95,0.10099597286668346
96,0.10099597286668346
97,0.1046117573855318
98,0.10099597286668346
99,0.10099597286668346
100,0.1161048116273233
101,0.1161048116273233
102,0.10099597286668346
103,0.10099597286668346
104,0.10099597286668346
105,0.1046117573855318
106,0.1046117573855318
107,0.10085660412353786
108,0.2427451093665337
109,0.2427451093665337
110,0.22274031679377929
111,0.1046117573855318
112,0.22274031679377929
113,0.22274031679377929
114,0.10099597286668346
115,0.2487916923687829
116,0.4511016461588467
117,0.2427451093665337
118,0.2427451093665337
119,0.10099597286668346
120,0.1046117573855318
121,0.14082424500988275
122,0.11972059614617167
123,0.14082424500988275
124,0.10099597286668346
125,0.10099597286668346
126,0.1046117573855318
127,0.1046117573855318
128,0.10099597286668346
129,0.10099597286668346
130,0.10099597286668346
131,0.10099597286668346
132,0.10099597286668346
133,0.1161048116273233
134,0.10099597286668346
135,0.1162340436501222
136,0.10099597286668346
137,0.22274031679377929
138,0.10085660412353786
139,0.12209962173039456
140,0.10099597286668346
141,0.10099597286668346
142,0.10099597286668346
143,0.10099597286668346
144,0.10099597286668346
145,0.10099597286668346
146,0.10099597286668346
147,0.10099597286668346
148,0.1161048116273233
179,0.1161048116273233
180,0.1161048116273233
181,0.10099597286668346
182,0.10099597286668346
183,0.10099597286668346
184,0.10099597286668346
185,0.10099597286668346
186,0.10099597286668346
187,0.10099597286668346
188,0.1161048116273233
189,0.10099597286668346
190,0.12209962173039456
191,0.13720846049103438
192,0.12209962173039456
193,0.12209962173039456
194,0.10085660412353786
195,0.10099597286668346
196,0.12485219347713733
197,0.11972059614617167
198,0.1162340436501222
199,0.11972059614617167
200,0.1162340436501222
201,0.11972059614617167
202,0.2427451093665337
203,0.10112520488948236
