residue,prediction score
2,0.2487916923687829
3,0.4264736194259018
4,0.4227894197780462
5,0.14915537886393115
6,0.22878689979602865
7,0.22274031679377929
8,0.23893738584073446
9,0.2400895303362311
10,0.02309754134337609
11,0.03218128973042944
12,0.031842932142431064
13,0.031842932142431064
14,0.031842932142431064
15,0.022759183755377714
16,0.14915537886393115
17,0.022759183755377714
18,0.2004687193883572
19,0.03906516410549648
20,0.3697796971136663
21,0.24611648341231876
22,0.02309754134337609
23,0.02309754134337609
24,0.13391382263426824
25,0.022759183755377714
26,0.2522431303864165
27,0.022759183755377714
28,0.031842932142431064
29,0.022759183755377714
30,0.031842932142431064
31,0.031842932142431064
32,0.02378465894662682
33,0.13391382263426824
34,0.2040023499944917
35,0.2462939756731569
36,0.32210504062834056
37,0.14690598721704615
38,0.022759183755377714
39,0.12626890762344548
40,0.022759183755377714
41,0.031842932142431064
42,0.16854103172408913
43,0.022759183755377714
44,0.031842932142431064
45,0.20597547568220245
46,0.12626890762344548
47,0.20597547568220245
48,0.13391382263426824
49,0.12626890762344548
50,0.13391382263426824
51,0.3124264390936015
52,0.2447104636636884
53,0.048148912492549836
54,0.2890995682888049
55,0.24611648341231876
56,0.2085204076513213
57,0.24611648341231876
58,0.24611648341231876
59,0.24611648341231876
60,0.02309754134337609
61,0.2481717955985039
62,0.050435357478979925
63,0.4227894197780462
64,0.23183949982613605
65,0.22274031679377929
66,0.3707634018115023
67,0.4520853508566827
68,0.3464278001108703
69,0.3267226399327836
70,0.4520853508566827
71,0.3149742505578308
72,0.4511016461588467
73,0.24611648341231876
74,0.050435357478979925
75,0.2400895303362311
76,0.4511016461588467
77,0.4511016461588467
78,0.2258125467500484
79,0.20248567594525174
80,0.3645481119532992
81,0.048148912492549836
