residue,prediction score
2,0.11972059614617167
3,0.14082424500988275
4,0.2427451093665337
5,0.11888642847605572
6,0.2512137267966994
7,0.1161048116273233
8,0.3114141494332523
9,0.11885738337406612
10,0.3994625489732498
11,0.050435357478979925
12,0.2427451093665337
13,0.2065153023906064
14,0.2065153023906064
15,0.13763138108772144
16,0.1351756766647633
17,0.2591242814509357
18,0.03218128973042944
19,0.13292628501787826
20,0.03218128973042944
21,0.031842932142431064
22,0.031842932142431064
23,0.031842932142431064
24,0.022759183755377714
25,0.1351756766647633
26,0.22878689979602865
27,0.2437558846079511
28,0.2437558846079511
29,0.2437558846079511
30,0.22274031679377929
31,0.12571540624924288
32,0.12222885375319342
33,0.2437558846079511
34,0.2004687193883572
35,0.10099597286668346
36,0.10099597286668346
37,0.10099597286668346
38,0.03074245635419887
39,0.022759183755377714
40,0.03074245635419887
41,0.022759183755377714
42,0.03906516410549648
43,0.022759183755377714
44,0.022759183755377714
45,0.02309754134337609
46,0.03074245635419887
47,0.050435357478979925
48,0.11888642847605572
49,0.1199341204351004
50,0.1813067407779876
51,0.022759183755377714
52,0.1351756766647633
53,0.10102501796867308
54,0.10102501796867308
55,0.02309754134337609
56,0.022759183755377714
57,0.022759183755377714
58,0.022759183755377714
59,0.10102501796867308
60,0.02378465894662682
61,0.02378465894662682
62,0.10102501796867308
63,0.2065153023906064
64,0.03142024909467371
65,0.12238982485805852
66,0.2437558846079511
67,0.05808887663432425
68,0.2065153023906064
