residue,prediction score
1,0.12471698898779032
2,0.3215995448753761
3,0.3617973369096363
4,0.3617973369096363
5,0.3617973369096363
6,0.3595129552964822
7,0.3265786988621279
8,0.09367463621605153
9,0.4332932596094047
10,0.3700159942595904
11,0.023284191164991447
12,0.2448859683237284
13,0.047595793777884005
14,0.15947706681744667
15,0.023284191164991447
16,0.13695593099132292
17,0.023284191164991447
18,0.03791443310548758
19,0.03791443310548758
20,0.03791443310548758
21,0.2547969070797601
22,0.03791443310548758
23,0.334797356212082
24,0.027486441933274267
25,0.19818114545690813
26,0.027486441933274267
27,0.3290236527035988
28,0.023284191164991447
29,0.15681239786238788
30,0.023284191164991447
31,0.1925867273821136
32,0.23023538498277146
33,0.3384417353471367
34,0.4695338094855033
35,0.15681239786238788
36,0.22771849474537814
37,0.4332565348182319
38,0.027486441933274267
39,0.4695338094855033
40,0.09367463621605153
41,0.4292871174147877
42,0.2298598156629972
43,0.023284191164991447
44,0.13695593099132292
45,0.15681239786238788
46,0.3700159942595904
47,0.02357551109990776
48,0.2820384495422877
49,0.334797356212082
50,0.023284191164991447
51,0.3700159942595904
52,0.334797356212082
53,0.4325251900578583
54,0.2294749809801697
55,0.4325619148490311
56,0.3700159942595904
57,0.2370101720519429
58,0.023284191164991447
59,0.2642517145144705
60,0.023284191164991447
61,0.023284191164991447
62,0.43553355822730017
63,0.10125681965095733
64,0.3265786988621279
65,0.3617973369096363
66,0.3265786988621279
67,0.027486441933274267
68,0.023284191164991447
69,0.027486441933274267
70,0.023284191164991447
71,0.02357551109990776
72,0.3980746215618962
73,0.3384417353471367
74,0.4332565348182319
75,0.23210292514405576
76,0.4707154714836359
77,0.43553355822730017
78,0.3431098794402419
79,0.101191687313777
80,0.4707521962748086
81,0.027486441933274267
82,0.3700159942595904
83,0.4325251900578583
84,0.4325251900578583
85,0.39300984274751627
86,0.3123352470357062
87,0.13986862348981913
88,0.15947706681744667
89,0.02357551109990776
90,0.10894851447041766
91,0.4325619148490311
92,0.4343518962291676
93,0.2757457830720807
94,0.4325619148490311
95,0.4325619148490311
96,0.11646556556814315
97,0.13724067932593312
98,0.22007641763862465
99,0.02357551109990776
100,0.023284191164991447
101,0.023284191164991447
102,0.1594403420262739
103,0.1925500025909408
104,0.15681239786238788
105,0.13724067932593312
