residue,prediction score
1,0.21532650770353665
2,0.2072818734915784
3,0.09046579935729177
4,0.09046579935729177
5,0.023929375702760356
6,0.09046579935729177
7,0.09046579935729177
8,0.1020636424914144
9,0.2340731254264697
10,0.11372078272689062
11,0.3952474456567831
12,0.4415902523805649
13,0.3683565411088913
14,0.383247232550658
15,0.44706148727373707
16,0.4415902523805649
17,0.44577090296198224
18,0.2428525635472067
19,0.2268537306034475
20,0.2174440727844517
21,0.2174440727844517
22,0.13579669517930712
23,0.1130253493706221
24,0.1020636424914144
25,0.09046579935729177
26,0.11323714516597673
27,0.09618812197467153
28,0.09618812197467153
29,0.09618812197467153
30,0.21532650770353665
31,0.2340731254264697
32,0.2340731254264697
33,0.11372078272689062
34,0.2340731254264697
35,0.2268537306034475
36,0.09046579935729177
37,0.4423887740813207
38,0.3721349586412534
39,0.3820460657348681
40,0.2334429057282109
41,0.2340731254264697
42,0.2174440727844517
43,0.03058800148063384
44,0.09046579935729177
45,0.09046579935729177
46,0.2174440727844517
47,0.111610030181477
48,0.21532650770353665
49,0.09667175953558543
50,0.2072818734915784
51,0.023632247104791847
52,0.2174440727844517
53,0.2174440727844517
54,0.21532650770353665
55,0.023929375702760356
56,0.21532650770353665
57,0.21532650770353665
58,0.2072818734915784
