residue,prediction score
1,0.44029966806881016
2,0.44029966806881016
3,0.44029966806881016
4,0.3698494504764699
5,0.4410981897695659
6,0.44706148727373707
7,0.2250395954781864
8,0.2250395954781864
9,0.09094943691820567
10,0.09094943691820567
11,0.2421588244618097
12,0.21668385080330346
13,0.09046579935729177
14,0.03300080483012044
15,0.21668385080330346
16,0.03188605708825572
17,0.21668385080330346
18,0.2421588244618097
19,0.2421588244618097
20,0.21668385080330346
21,0.09046579935729177
22,0.2421588244618097
23,0.2421588244618097
24,0.03058800148063384
25,0.09046579935729177
26,0.22487970985040068
27,0.3298454949456337
28,0.44577090296198224
29,0.4315233437201179
30,0.4423887740813207
31,0.4315233437201179
32,0.32221751369771856
33,0.3640903244292952
34,0.44706148727373707
35,0.1371574006514827
36,0.32221751369771856
37,0.4423887740813207
38,0.21532650770353665
39,0.13110379230732744
40,0.3685588661647151
41,0.4415902523805649
42,0.023632247104791847
43,0.22487970985040068
44,0.3298454949456337
45,0.4315233437201179
46,0.2421588244618097
47,0.24231871008959535
48,0.2485870548662708
49,0.2421588244618097
50,0.2421588244618097
51,0.2421588244618097
52,0.24231871008959535
53,0.023632247104791847
54,0.2421588244618097
55,0.2421588244618097
56,0.3669006767792923
57,0.023632247104791847
58,0.2421588244618097
59,0.4302327594083632
60,0.4302327594083632
61,0.2421588244618097
62,0.23497458502464105
63,0.4410981897695659
64,0.21669153131057425
65,0.24231871008959535
66,0.3285549106338789
67,0.3685588661647151
68,0.3853363385631685
69,0.44029966806881016
70,0.4315233437201179
