,predus,ispred,dockpred,rfscore,logreg
cv1,0.8350513004056311,0.8517537580529707,0.9778334526366023,0.8332140300644236,0.9535433070866143
cv2,0.7788461538461537,0.8425480769230768,0.8330528846153846,0.8368990384615383,0.9012019230769232
