residue,prediction score
14,0.3466466000842581
15,0.37242744715661935
16,0.4408635878706873
17,0.1218856207865672
18,0.4408635878706873
19,0.030151851244835725
20,0.4562813015139136
21,0.023832907020936888
22,0.04519241422133082
23,0.13500253534674084
24,0.034687226688679365
25,0.23191644939905906
26,0.22491280657495952
27,0.29796597369949435
28,0.2539430424765656
29,0.4408635878706873
30,0.4408635878706873
31,0.2539430424765656
32,0.38094571999821
33,0.4408635878706873
34,0.13779071334761725
35,0.4137344721774622
36,0.023832907020936888
37,0.2269565982028145
38,0.35399643471289893
39,0.23218275969330165
40,0.024627942157371036
41,0.038878277676875496
42,0.023832907020936888
43,0.034687226688679365
44,0.034687226688679365
45,0.023832907020936888
46,0.023832907020936888
47,0.034687226688679365
48,0.023832907020936888
49,0.023832907020936888
50,0.023832907020936888
51,0.023832907020936888
52,0.07305410571993126
53,0.023832907020936888
54,0.02722892287269889
55,0.023832907020936888
56,0.023832907020936888
57,0.023832907020936888
58,0.023832907020936888
59,0.023832907020936888
60,0.023832907020936888
61,0.023832907020936888
62,0.023832907020936888
63,0.023832907020936888
64,0.023832907020936888
65,0.023832907020936888
66,0.023832907020936888
67,0.023832907020936888
68,0.28378802421780097
69,0.29796597369949435
70,0.21439511669356784
71,0.2371426108895462
72,0.23191644939905906
73,0.2371426108895462
74,0.034687226688679365
75,0.29796597369949435
76,0.24135174823809466
77,0.0312474886393154
78,0.22491280657495952
79,0.03529506453956493
80,0.17691272285424794
81,0.23218275969330165
82,0.32311302499558164
83,0.023832907020936888
84,0.3755730298283242
85,0.3755730298283242
86,0.4408635878706873
87,0.2362401348781256
88,0.36465840593523097
89,0.4562813015139136
90,0.4562813015139136
91,0.34832815078507456
92,0.3035531155580157
93,0.4562813015139136
94,0.3292436378127635
95,0.023832907020936888
96,0.2194871608118089
97,0.023832907020936888
98,0.15130183699502686
99,0.034687226688679365
100,0.034687226688679365
