residue,prediction score
13,0.12316112008227155
14,0.17770775799068214
15,0.0354822618251135
16,0.03609009967599906
17,0.038878277676875496
18,0.3038774479844223
19,0.3620862776752601
20,0.2539430424765656
21,0.2539430424765656
22,0.3620862776752601
23,0.2318318939627125
24,0.024440744871822462
25,0.1540900149959033
26,0.2318318939627125
27,0.2539430424765656
28,0.16721860266310934
29,0.11137833486053614
30,0.3878827156532098
31,0.3794342659165009
32,0.4562813015139136
33,0.024440744871822462
34,0.2465779097285818
35,0.1540900149959033
36,0.2025773414949041
37,0.11200545647230672
38,0.09361689174906963
39,0.2362401348781256
40,0.2539430424765656
41,0.21412898636427255
42,0.34832815078507456
43,0.2539430424765656
44,0.21412898636427255
45,0.3280728761918262
46,0.10587481736696612
47,0.10593633090665144
48,0.10234331818110948
49,0.1540900149959033
50,0.2318318939627125
51,0.2025773414949041
52,0.1540900149959033
53,0.1540900149959033
54,0.03529506453956493
73,0.10587481736696612
74,0.1267541328078135
75,0.10587481736696612
76,0.030151851244835725
77,0.10587481736696612
78,0.09361689174906963
79,0.10587481736696612
80,0.10587481736696612
81,0.03808324254044136
82,0.034687226688679365
83,0.09361689174906963
84,0.024440744871822462
85,0.02722892287269889
86,0.030151851244835725
87,0.02722892287269889
88,0.030151851244835725
89,0.16540600702481992
90,0.4408635878706873
91,0.4408635878706873
92,0.4408635878706873
93,0.4137344721774622
94,0.2465779097285818
95,0.24135174823809466
96,0.15130183699502686
97,0.10587481736696612
98,0.03808324254044136
99,0.11137833486053614
100,0.10587481736696612
101,0.116711610683215
102,0.11137833486053614
103,0.09912040924263966
104,0.116711610683215
105,0.030151851244835725
106,0.09361689174906963
107,0.038816764137190166
108,0.034687226688679365
109,0.034687226688679365
110,0.03808324254044136
111,0.034687226688679365
112,0.030151851244835725
