residue,prediction score
1,0.0676697748987751
2,0.09099815275256616
3,0.08227637855108827
4,0.06927485565604699
5,0.058758720941967935
6,0.05693016055541542
7,0.07977774798531745
8,0.13010153223624712
9,0.07839122580190115
10,0.13308162830919398
11,0.20822662091968214
12,0.08419549926699132
13,0.14163738626754854
14,0.2839441836859027
15,0.06204659347168773
16,0.18407468664758586
17,0.6054872097635509
18,0.2333530680718032
19,0.47109642247152594
20,0.10203133226900354
21,0.3311395997513696
22,0.17905149159033765
23,0.10217891210966842
24,0.1315021942867054
25,0.29219362611574795
26,0.4955193953124768
27,0.4640960140531506
28,0.5889080904755808
29,0.8681929100101833
30,0.8324462434145791
31,0.8652766438428483
32,0.8748601765795502
33,0.7293952139952957
34,0.41439947178230896
35,0.4657696949684783
36,0.4407724493368215
37,0.10835357616339797
38,0.21705355024877496
39,0.060407236703852035
40,0.030921393891788808
41,0.05413684617223159
42,0.11100536585986204
43,0.12199517983926735
44,0.12312478660480153
45,0.15680391142776376
46,0.07036627288269512
47,0.1203979299861454
48,0.042733973139104924
49,0.05183061163031461
50,0.05751367676898238
51,0.07193917919885795
52,0.06817854024345943
53,0.07918521963182099
54,0.034404876849027495
55,0.07584814520419954
56,0.09049034706057807
57,0.16136690773705134
58,0.3868490911640783
59,0.38187428769875104
60,0.37795485513633337
61,0.16861252424501216
