residue,prediction score
3,0.02788558721711909
4,0.026707778229671287
5,0.0382680139592216
6,0.02370426392620477
7,0.02057178390435917
8,0.02455564060181744
9,0.024286266109701492
10,0.023481082839162108
11,0.021522385889946743
12,0.02485746764098469
13,0.026796946619943116
14,0.023505502279064217
15,0.02041570545704636
16,0.03005498689842005
17,0.02394887763639383
18,0.02122991823432865
19,0.020464536523348262
20,0.023386913832666625
21,0.022594024580843645
22,0.028428123162074024
23,0.0645159623392314
24,0.050358964836050034
25,0.053478098895214
26,0.02823101119611053
27,0.02674825720653829
28,0.02843767163889605
29,0.03641640096475773
30,0.0921330391224549
31,0.025209189754220457
32,0.021487672732220315
33,0.05744179542453499
34,0.049084594995054916
35,0.02218178530624714
36,0.021315727575099343
37,0.033088542952477366
38,0.027881511518562163
39,0.021039133803881338
40,0.02039109155365849
41,0.045447120718356805
42,0.02456398111024915
43,0.02324624167560994
44,0.02044228246687633
45,0.02714994797199566
46,0.02542547436789383
47,0.045897151971936063
48,0.0871657337968769
49,0.02701926147116836
50,0.14207684698834352
51,0.27886811283809804
52,0.03975495475249558
53,0.10248198101768544
54,0.4764023389489785
55,0.5507392718477158
56,0.1421671040818598
57,0.04771585617269727
58,0.058445189166133026
59,0.029712865051161164
60,0.026890690558536545
61,0.025936785738062743
62,0.059102870585329585
63,0.034042253732980705
64,0.030502877150313988
65,0.026082369054887998
66,0.020780560256970015
67,0.02192159459983955
68,0.020522702293361804
69,0.025233298224709044
70,0.02232925724524467
71,0.02042439966103996
72,0.02406340337394765
73,0.024391634266410202
74,0.026954582593302488
75,0.022175153469152525
76,0.025608587776390752
77,0.026907756171650445
78,0.026925677335255232
79,0.026098124289584083
80,0.025934959939859243
81,0.024422913060540768
82,0.024183088528084727
83,0.02383727679781262
84,0.026425423150126512
85,0.031795162074350465
