residue,prediction score
36,0.0421623954396063
37,0.056315290477399325
38,0.31383799445264104
39,0.030629238350491705
40,0.2423250860157257
41,0.02038048276446489
42,0.029703597430305505
43,0.020652214054813052
44,0.11955280112096707
45,0.30604851603022265
46,0.0971967479532942
47,0.3017951009347101
48,0.03800754551784647
49,0.2375987767904726
50,0.025341627700244212
51,0.17202217090146615
52,0.15691445596496062
53,0.12370617789914308
54,0.02820368124544852
55,0.02084551865415794
56,0.06467131831287502
57,0.047868149821517665
58,0.16831017634755027
59,0.05207122022288002
60,0.03505243219299861
61,0.021570247061825774
62,0.024534355477370127
63,0.02046502057052505
64,0.02229642481475386
65,0.0394479319756378
66,0.07574288843601923
67,0.4163901546242109
68,0.054406732653322035
69,0.05300426138579111
70,0.7480244075619656
71,0.7551828787191626
72,0.7347053817537919
73,0.7544862510528492
74,0.8685406859764363
75,0.7917668761950045
76,0.6531403575084245
77,0.6134924262129986
78,0.5648289877406395
79,0.030713685048792988
80,0.20319983299638206
81,0.70068870225724
82,0.042661922251110825
83,0.4437647317439798
84,0.3944863226145683
85,0.17116693980272787
86,0.16988450615471953
87,0.1566665212727189
88,0.021045070545045737
89,0.02138350252500456
90,0.0917046085118028
91,0.026985003294937956
92,0.02037614436313585
93,0.034034891509422474
94,0.44731170255357794
95,0.026535450479707172
96,0.023208498863327362
97,0.13057956009586424
98,0.1756168793112043
99,0.0969660692060289
100,0.06027430307624744
101,0.45563737186998904
102,0.02509063010138884
103,0.2496562237705781
104,0.12129282580989773
105,0.0731483768429089
106,0.195903419523704
107,0.11143252379033708
108,0.025201254178373756
109,0.041123287399282435
110,0.2506863986288685
111,0.2692181416426023
112,0.24294514089690486
113,0.022393485392661425
114,0.0624325845117764
115,0.14754827223064965
116,0.022965063565366192
117,0.11771921864995588
118,0.1300281862156667
119,0.08888364512341472
120,0.02078547440370241
121,0.038740531565237685
122,0.02132597380274792
123,0.03731527963003781
124,0.07491389220125995
125,0.162180969170147
126,0.13486285091899322
