residue,prediction score
8,0.0
9,0.0
10,0.0
11,0.0
12,0.0
13,0.0
14,0.004398826979472142
15,0.016260162601626018
16,0.004398826979472142
17,0.0
18,0.0
19,0.0
20,0.7
21,0.0
22,0.0
23,0.0
24,0.0
25,0.0
26,0.0
27,0.0
28,0.0
29,0.0
30,0.0
31,0.5
37,0.0
38,0.0
39,1.0
40,0.5
41,0.7
42,0.8
43,0.5
44,0.4
45,0.0
46,0.0
47,1.0
48,0.3
49,0.3
50,0.0
51,0.1
52,0.0
53,0.1
54,0.1
55,0.1
56,0.2
57,0.3
58,0.4
59,0.0
60,0.8
61,0.0
62,0.0
63,0.0
64,0.1
65,0.0
66,0.0
67,0.0
68,0.9
69,0.3
70,0.2
71,0.7
72,1.0
73,0.9
74,0.9
75,0.8
76,0.0
77,0.2
78,0.0
79,0.0
80,0.0
81,0.1
82,0.0
83,0.0
84,1.0
85,0.0
86,0.004398826979472142
87,0.004398826979472142
88,0.016260162601626018
89,0.0
90,0.0
91,0.0
92,0.0
93,0.0
94,0.2
95,0.1
96,0.3
97,0.0
98,0.2
99,0.1
100,0.5
101,0.0
102,0.6
103,0.6
104,0.0
105,0.3
106,0.0
107,0.0
108,0.04651162790697674
109,0.1
110,0.0
111,0.0
112,0.0
113,0.0
114,0.7
115,0.0
116,0.0
117,1.0
118,0.016260162601626018
119,0.0
120,0.004398826979472142
121,0.0
122,0.0
123,0.4
124,0.0
125,0.0
126,0.0
127,0.0
128,0.8
129,0.0
130,0.0
131,0.0
132,0.0
133,0.0
134,0.1
135,0.0
136,0.0
137,0.0
138,0.0
139,0.0
140,0.0
141,0.0
142,0.7
143,0.0
144,0.0
145,1.0
146,0.8
147,0.0
148,0.1
149,0.0
150,0.1
151,0.0
152,0.1
153,0.8
154,0.3
155,0.7
156,0.5
157,1.0
158,0.4
159,0.7
160,0.016260162601626018
161,0.0
162,1.0
163,0.2
164,0.04651162790697674
165,0.0
166,0.0
167,0.1
168,0.0
169,0.0
170,0.0
171,0.0
172,0.1
173,0.0
174,0.0
175,0.5
176,0.1
177,0.0
