residue,prediction score
1,0.3075867005397309
2,0.5750624676188568
3,0.7037898315913509
4,0.5737182690886237
5,0.7187881739824217
6,0.4374452285553879
7,0.44966000761822267
8,0.036125478666878014
9,0.4556266883334339
10,0.3967526086530928
11,0.022449107174833702
12,0.2686206267220084
13,0.10155741169226053
14,0.19380115981492024
15,0.0221560555853364
16,0.04833071947066297
17,0.02092722999506469
18,0.03876247661567864
19,0.044003935258685706
20,0.07118769468939194
21,0.21413158931810428
22,0.09432361520927676
23,0.2521333296402621
24,0.029711998731684914
25,0.12694085060138824
26,0.024277116878348375
27,0.2751408820682257
28,0.021784693945204096
29,0.09924813998204043
30,0.0216473126856918
31,0.2101995158843929
32,0.18944618853944506
33,0.5023369785636426
34,0.8517247980151612
35,0.08599241636603512
36,0.1648908060122042
37,0.7056716996973373
38,0.025050988333395686
39,0.8259205641514812
40,0.03972160527487345
41,0.7397851736740638
42,0.16959321361048912
43,0.02203671032061113
44,0.04008210321871041
45,0.12205792110238185
46,0.2967034795723329
47,0.02312238651214705
48,0.2721055764111329
49,0.2399521297270123
50,0.020947043206097568
51,0.35271333093137064
52,0.3389989648680056
53,0.5584704888683871
54,0.07065888629528767
55,0.4565723243132542
56,0.3036600215363503
57,0.17342629356258546
58,0.020981524143961292
59,0.2294060793208933
60,0.021006119775568585
61,0.02108007607155821
62,0.7074292092579052
63,0.057760045177708275
64,0.4865963044318554
65,0.6793579075382676
66,0.44912473691682303
67,0.0272882824470718
68,0.02204712789650435
69,0.028398821673987974
70,0.021035956128501187
71,0.023014511009737282
72,0.33197553562054805
73,0.5605537530160555
74,0.5792376117224408
75,0.175135844374863
76,0.8676390916875667
77,0.6298511691677668
78,0.501683584233653
79,0.054031732329890926
80,0.7401728445774829
81,0.027467219821815915
82,0.38952403909685424
83,0.6463324027584118
84,0.6757556908164268
85,0.5251813645091249
86,0.3462326484010396
87,0.0600768917726938
88,0.17681821136036208
89,0.02247032818027489
90,0.11693426931161224
91,0.5451276528458645
92,0.6652264248477706
93,0.3013077266299643
94,0.569360660564276
95,0.4153731612223009
96,0.12434750522350033
97,0.03818880701794115
98,0.11522829999853505
99,0.02263978475958413
100,0.021581126704391558
101,0.02092722999506469
102,0.2637421591854473
103,0.3662249977967775
104,0.10264021375603263
105,0.044723319105833666
