residue,prediction score
1,0.05619329160211471
2,0.06285493630508282
3,0.053097492290824916
4,0.06362188440166101
5,0.0384081453552874
6,0.05357741164306418
7,0.028463687733826838
8,0.028661505556707236
9,0.04630911151349228
10,0.04101592078638755
11,0.0467801635265066
12,0.1065923179497364
13,0.24154162002200066
14,0.03656454055951081
15,0.2190195676045182
16,0.04551046247227899
17,0.07919798498089907
18,0.08516735575875893
19,0.03238465955909458
20,0.032823432511716134
21,0.026403019500473992
22,0.020738143973776213
23,0.02149596613601228
24,0.020733876050007344
25,0.024984340227579505
26,0.032022334315053524
27,0.0218824694802538
28,0.020960785609214785
29,0.02443491517419069
30,0.024864341383638282
31,0.02568393566804617
32,0.025813404837553552
33,0.0230751348694541
34,0.028772239445112893
35,0.02755208808855429
36,0.05719712320243647
37,0.10930567112444106
38,0.023053184323267317
39,0.02192950438647685
40,0.03541203700316398
41,0.18421141789820114
42,0.2339043849002259
43,0.05500022718247317
44,0.06482407538790673
45,0.04428376254844954
46,0.13694046080239825
47,0.06908473736688032
48,0.029179147907603342
49,0.08616392094592162
50,0.03592215572592527
51,0.08083447293073065
52,0.1496507149070807
53,0.5609035648354769
54,0.17602823943151427
55,0.12441733239105468
56,0.07074320178662527
57,0.11927173629002345
58,0.021234733010903974
59,0.03624218321204023
60,0.04766624030230412
61,0.09007756516524837
62,0.023925695681509263
63,0.02083892634521102
64,0.09341265211765372
65,0.188085505686844
66,0.027680377963323663
67,0.03463875933172435
68,0.0271760238450474
69,0.027919166730281164
70,0.0549470432912238
71,0.026458906616519798
72,0.02116495189028993
73,0.023317481479203192
74,0.020786573914792852
75,0.023308441842913846
76,0.02144150920874381
77,0.029162425352187694
78,0.034471760505810814
79,0.07440294686579645
80,0.11834832518093065
81,0.045035342583363606
82,0.2341257045581645
83,0.04355618822049203
84,0.04937020230330246
85,0.7176573568815816
86,0.03346589674366593
87,0.5860309536612635
88,0.56122061331816
89,0.4205518191785932
90,0.5275163500730888
91,0.03159512884546245
92,0.14622388798481584
93,0.33982972399161065
94,0.04640370634019445
95,0.02186148577491064
96,0.026843503011889074
97,0.021148508560383472
98,0.022501395843045956
99,0.025139300087375274
100,0.02290152185093422
101,0.020697870072261128
102,0.02809815636493829
103,0.021516606715706342
104,0.026113846062053955
105,0.02544715391321301
106,0.02506109295701336
107,0.027931275171936228
