residue,prediction score
1,0.0267265319372682
2,0.02573131460677348
3,0.031373867372170135
4,0.029132310528962136
5,0.029169037874310837
6,0.028447731064362568
7,0.027850048512159872
8,0.02298962911100439
9,0.028550537592818056
10,0.0302823039250708
11,0.02847051462172936
12,0.02777589608082909
13,0.02796254225857004
14,0.029116838562747414
15,0.02081796990522017
16,0.02420967653265065
17,0.02992840440251562
18,0.021335925475199236
19,0.021537266678402715
20,0.02521709059368305
21,0.0285738645619547
22,0.02553359044659715
23,0.02487550702122866
24,0.03151530180014042
25,0.06708440079695208
26,0.03481798922791291
27,0.0804801645693713
28,0.20804521878043555
29,0.2134779334282996
30,0.3477338935989635
31,0.5900539724106917
32,0.6413513916904614
33,0.07416125107907234
34,0.3532811596368605
35,0.648251770392665
36,0.5956003256103614
37,0.04036850912288554
38,0.3755607726682469
39,0.03402471702905355
40,0.17306587444394306
41,0.2089782274076267
42,0.148018233653739
43,0.042940683831907085
44,0.02212419125107477
45,0.04397585123269293
46,0.06518466883131606
47,0.056906838747641526
48,0.09833680722986657
49,0.8559405553956109
50,0.16380427784827525
51,0.08106970095053127
52,0.02498921605266631
53,0.1712261917398993
54,0.03710492883449605
55,0.038614692366438816
56,0.021329099662450512
57,0.021073704560743433
58,0.07554072368166488
59,0.03592029910829028
60,0.051339992332238286
61,0.047863893669570313
62,0.04387601268614251
63,0.423232783893598
64,0.08608006319562841
65,0.08124559418560902
66,0.3676100654801875
67,0.2862341727125661
68,0.054388165753176704
69,0.025764873387819204
70,0.020697870072261128
71,0.020725342781548875
72,0.024161814575681843
73,0.02472427080369952
74,0.11254271916990947
75,0.03218395037966795
76,0.02713286761583337
77,0.026244657071149226
78,0.02542821375523837
79,0.021715645800141774
80,0.02441702660117209
81,0.026024059237058843
82,0.022296118158457872
83,0.02719097363613057
84,0.3201473720804122
85,0.3324766624943036
86,0.3185273905095427
87,0.05825988967818456
88,0.04552753975457227
89,0.023103730311533916
90,0.027468813463523832
91,0.02522110927714784
92,0.02146994732581949
93,0.02452222839602844
94,0.0236349556264332
95,0.026495885286895133
96,0.05768382334064717
