residue,prediction score
4,0.04337043500346663
5,0.05247909824862949
6,0.050775138769571
7,0.15694734398375051
8,0.23114048721458305
9,0.07335980605056577
10,0.5965849579317899
11,0.03580927094301357
12,0.04737609786404951
13,0.03125921211598684
14,0.030609607340897092
15,0.042626395610997486
16,0.03479197806084453
17,0.042192502242927685
18,0.0518497648957753
19,0.02414022052630387
20,0.06219499836698422
21,0.036574586419682996
22,0.0681771708990223
23,0.08184665918819982
24,0.07326251650627105
25,0.061107895603948276
26,0.048339156480110126
27,0.044598652946187985
28,0.030456003558870025
29,0.045448524364380016
30,0.026078084139352926
31,0.09104762112266997
32,0.04591337038510108
33,0.021067272502207263
34,0.042303356907906035
35,0.020507854681577974
36,0.02368463504207121
37,0.020659106834793932
38,0.022937439605816998
39,0.022918404548054067
40,0.022369516560813724
41,0.025419034781361986
42,0.02704048931706727
43,0.027801610293490955
44,0.02053687713713639
45,0.020497499253476603
46,0.0584651408127721
47,0.03614089899872243
48,0.08848267883111556
49,0.06305609235662048
50,0.04750418415555235
51,0.057264360568473074
52,0.05311197600216695
53,0.03606704562257467
54,0.09453309766562308
55,0.05350752369343818
56,0.02420222319499598
57,0.022644618238704124
58,0.023239860437734808
59,0.02125579113125136
60,0.02061221154666151
61,0.02449929879278219
62,0.025568892702504464
63,0.031712201781214325
64,0.043068948701714925
65,0.04023770167762335
66,0.02164106719097883
67,0.02403113513505517
68,0.020604926096147468
69,0.027671441144592697
70,0.020490253500110044
71,0.022553499696216096
72,0.027794841524578826
73,0.02261783982630889
74,0.023566309627099716
75,0.026941853582586068
76,0.024571725533673955
77,0.02052598900707077
78,0.037885845906561084
79,0.02202206112226368
80,0.03212139396412116
81,0.020547770921709632
82,0.02447279025637475
83,0.020511480291366443
84,0.022145670900967262
85,0.02111145076840148
86,0.1155224391249873
87,0.04054490044032854
88,0.033199289366235764
89,0.04478988124245891
90,0.08470655249372297
91,0.16690790476250422
92,0.06618193599731248
93,0.0575145405510832
94,0.05912123568508058
95,0.07327747360863067
96,0.04969178753362877
97,0.030871367912375013
98,0.026424743864339326
99,0.053098927525582346
100,0.02089884690012883
101,0.12455984708133908
102,0.06205819005373425
103,0.25356199443773303
104,0.0720125422407133
105,0.213571017076744
