residue,prediction score
1,0.14529734430564284
2,0.14330142992469952
3,0.02587517776811
4,0.028436452214209464
5,0.029877199846255812
6,0.02540103549350371
7,0.04150592828612795
8,0.036165238225002574
10,0.06500118089686924
11,0.04765300210632443
12,0.05125455798621245
13,0.20487612433370586
14,0.18562980611319485
15,0.3103304497867149
16,0.4619266950968145
17,0.20109162831123914
18,0.4846162910913393
19,0.8195374464449671
20,0.929411958301438
21,0.31464970313504265
22,0.115383562785737
23,0.02308122738244011
24,0.02279635000212913
25,0.020865109562067077
26,0.1839022531110669
27,0.04492014761733059
28,0.03894519815489121
29,0.054999248703036435
30,0.10874845319053343
31,0.041512732401930624
32,0.1536795109509471
33,0.029343441873577968
34,0.03575549610909902
35,0.2697034375443203
36,0.10011295531445856
37,0.02115465188699413
38,0.026689598772364532
39,0.0765229844093853
40,0.061347964486813185
41,0.02278256973450632
42,0.05744369839700016
43,0.033982419333160915
44,0.03186130831467094
45,0.032666055716459114
46,0.026738139899841102
47,0.024811127285752924
48,0.021996532761497
49,0.022661742954564613
50,0.02220716998026495
51,0.14990994183014106
52,0.043708766911235965
53,0.05093051900544456
54,0.06006815941603093
55,0.1414630302936982
56,0.10132012349354358
