residue,prediction score
75,0.1764845641132127
76,0.247803268099874
77,0.36087276198805984
78,0.06895727600714006
79,0.042041282669619484
80,0.06667860227512266
81,0.027532979065290033
82,0.02168478110387248
83,0.023697702542972654
84,0.020581525646480647
85,0.02327377827897866
86,0.02710411648986485
87,0.044473672850978085
88,0.21950665952062987
89,0.2454592844703488
90,0.27542264472617217
91,0.10211076262083768
92,0.03113820168291708
93,0.03415870422848558
94,0.2838127421389424
95,0.3227666979863151
96,0.2566380427701235
97,0.2559838515108917
98,0.021861053075249715
99,0.020623665207026125
100,0.05263050112130673
101,0.21684752150179645
102,0.08048856856067213
103,0.059282591509794376
104,0.19595184271750987
105,0.038867886458158855
106,0.020678416289275442
107,0.15356899256162287
108,0.023176762154248867
109,0.33577300828479284
110,0.3561304258116665
111,0.3277951383773593
112,0.3657252944627283
113,0.16896089845715875
114,0.045200611728660266
115,0.2760678226194995
116,0.020946909114839818
117,0.022234058219784924
118,0.07402602327273329
119,0.04021022473146887
120,0.1363676624539464
121,0.3048618404974125
122,0.08204767131846176
123,0.035587387549366016
124,0.6627397474425192
125,0.6282429744481133
126,0.053957639940601376
127,0.037883004485125917
128,0.02078309795346516
129,0.02060752775332628
130,0.02185554065471763
131,0.020728075567832592
132,0.020568536640530842
133,0.026641547759672358
134,0.02311312183679154
135,0.02241461883792813
136,0.022530751281513817
137,0.02067058600364871
138,0.0246692657674694
139,0.026755501952429928
140,0.020662758620551745
141,0.032221992608245466
142,0.2522454127701392
143,0.19919268882516025
144,0.09877253219174052
145,0.020790969955240268
146,0.2285816166268209
147,0.1298855196617819
148,0.020565939802531352
149,0.02334428989024279
150,0.048572565705549485
151,0.024875950726311668
152,0.02135309270483121
153,0.02183620977048771
154,0.02299929702435111
155,0.022659409044711004
156,0.020529617755653963
157,0.02194662125737477
158,0.020532210103454688
159,0.02630205209385543
160,0.020589322904178742
161,0.060043395119027
162,0.8960301139817586
163,0.2922883147782391
164,0.19129498038083528
