residue,prediction score
1,0.04656062437212775
2,0.06286203055868538
3,0.07294405429265294
4,0.2381338417914327
5,0.06217165783284233
6,0.4832593637211402
7,0.1276952855530599
8,0.2098629947864225
9,0.1461318885545535
10,0.10707324215795168
11,0.0713827513128348
12,0.13595548864109608
13,0.05185272778520171
14,0.0894969429957204
15,0.024253449404383436
16,0.06637978079254342
17,0.024655083132346663
18,0.029380117239016124
19,0.026246157930984573
20,0.02540240581576304
21,0.023245077179900004
22,0.02261038183188146
23,0.020926297792140117
24,0.028341002546398406
25,0.02238695296527461
26,0.02050319410522739
27,0.021638836072102343
28,0.02049128845417739
29,0.021783405334090417
30,0.024023774267862324
31,0.03440305748325412
32,0.06373340035569255
33,0.0610447574092125
34,0.05922055009076992
35,0.02073802142236297
36,0.020583604632499482
37,0.021008332080265923
38,0.023639419232376828
39,0.025690441342249352
40,0.023891166395585743
41,0.03108192661143995
42,0.03200654392081923
43,0.07095015905555825
44,0.03147247806834536
45,0.03715412009074782
46,0.02454670833583707
47,0.025369207510917244
48,0.050406482093323324
49,0.02736540500705484
50,0.0605872129987159
51,0.13931230892914315
52,0.07188749398559466
53,0.12358505210436672
54,0.4555112884648124
55,0.04214987753680638
56,0.04233132476011997
57,0.05689935172467371
58,0.04788855505399822
59,0.02678792256756229
60,0.020494911196482904
61,0.026783948635088064
62,0.02158491240702927
63,0.06338496161802737
64,0.022834287726694998
65,0.35549956538712896
66,0.08157179574472474
67,0.023135937986229392
68,0.042066485916905295
69,0.039025284665512285
70,0.02535776310846148
71,0.021215600021493242
72,0.06561706439832704
73,0.03557158650287836
74,0.04546067506544031
75,0.020799369973820314
76,0.02138865755572709
77,0.02061637579339855
78,0.021246115057104244
79,0.02071761129137748
80,0.02418748120864288
81,0.022780772556167447
82,0.023945889259960242
83,0.023229887613838145
84,0.024493673080648287
85,0.03948775809549992
86,0.06419030842096038
87,0.04377645261649714
88,0.027120675873656838
89,0.12014666358933895
90,0.02119473003601715
91,0.4656825038569162
92,0.03661458115056849
93,0.10471265444325092
94,0.21942373974284454
95,0.15441176702873885
