residue,prediction score
14,0.4035575884640229
15,0.7159997775705641
16,0.6187713191251486
17,0.111068912973841
18,0.7103837816662314
19,0.02791370279487817
20,0.8064218063008207
21,0.0217899794321174
22,0.11610547507793735
23,0.032960487676510865
24,0.08776434532755349
25,0.22077417676701147
26,0.2945184661966105
27,0.3217849307635527
28,0.2687223667765712
29,0.4031840335984965
30,0.7926586005000401
31,0.5440516732513838
32,0.4820397123436456
33,0.4876443602847586
34,0.03318354488264163
35,0.39758672604403705
36,0.02257521729830329
37,0.20913564088297734
38,0.3883440065839421
39,0.2905289383528355
40,0.022990987093411932
41,0.12171453164967296
42,0.021237960285384046
43,0.08683492288200194
44,0.046774531900737916
45,0.021237960285384046
46,0.021237960285384046
47,0.029029897412105123
48,0.025944361114206383
49,0.02124420484964436
50,0.021241322519894176
51,0.02392668014815794
52,0.0418589868714441
53,0.022260272064244368
54,0.02687252279657389
55,0.023986801709896498
56,0.02661606617568931
57,0.024085989877670244
58,0.02397977073244187
59,0.023696432257720588
60,0.02294544149199211
61,0.025017870542596958
62,0.02616026831930709
63,0.021433348424694718
64,0.02366758464078279
65,0.021247568051286074
66,0.021280266271256752
67,0.02166034124433697
68,0.28933038198414984
69,0.3942649485724891
70,0.20608969383814024
71,0.24382929572345796
72,0.2242924408113521
73,0.2469064872839632
74,0.08613891133937095
75,0.339411710852417
76,0.2801661842727799
77,0.025097107086790152
78,0.2710865718201059
79,0.052105732874633034
80,0.14526200298515965
81,0.2430152806884715
82,0.2940335087696251
83,0.022070976300077188
84,0.6856327821905293
85,0.6923767480596966
86,0.6004544887535032
87,0.1051567030750816
88,0.43428677009415584
89,0.8287986815400609
90,0.6735802632247411
91,0.4089738416237575
92,0.3644154512033633
93,0.7808872148761615
94,0.28598464777532245
95,0.022034102986537338
96,0.24567343926103416
97,0.021241322519894176
98,0.07352436121132698
99,0.0582044846434218
100,0.05765705716384266
