residue,prediction score
345,0.029951166547535043
346,0.035244208218661206
347,0.03823192955716077
348,0.0318599839980262
349,0.034076676176337486
350,0.045888616894763125
351,0.06494315851111775
352,0.02104525977199141
353,0.029174330570427
354,0.03757760031368917
355,0.021081123845056008
356,0.031809910357997656
357,0.05661682741455155
358,0.02255576797400161
359,0.02091752109352561
360,0.332772225088165
361,0.11897925229940028
362,0.021008965346176783
363,0.0956410877094637
364,0.14272067539342048
365,0.7081012293246138
366,0.6604048685657647
367,0.5655501961092712
368,0.4982105796450297
369,0.3261350856292221
370,0.4005793094431064
371,0.22331880971323112
372,0.07355364307582997
373,0.020803156705160617
374,0.030441948978279718
375,0.03727410217332768
376,0.0207910263558592
377,0.020973221402014824
378,0.033522000049965715
379,0.029166513247561306
380,0.02177147490119769
381,0.03931681918987527
382,0.05151221344192996
383,0.09771239125429164
384,0.3772523411956445
385,0.07228829822433702
386,0.2515233861735183
387,0.853127653878142
388,0.4315532266426897
389,0.12592940838107267
390,0.03432733663282839
391,0.4831587597718733
392,0.13720237713911698
393,0.024442278302974282
394,0.24992575050441934
395,0.12719658227261224
396,0.02110080074630965
397,0.07498985595789331
398,0.2699925451053482
399,0.022174949871522697
400,0.020818693660521182
401,0.392654902462796
402,0.1876436101896848
403,0.02480664113390612
404,0.1090861083329491
405,0.4828580395040751
406,0.3433085775122587
407,0.5139372226575781
408,0.5036376054642624
409,0.05127328907142284
410,0.2643581157797516
411,0.2576747523739917
412,0.0211131079339677
413,0.044977111456933186
414,0.4475997371385982
415,0.3196701186908717
416,0.020830839808682288
417,0.22699805889803684
418,0.3171424965931211
419,0.021886962607935233
420,0.3699500849853693
421,0.3881556140547309
422,0.47893367865340897
423,0.09549261699760972
424,0.7597515146091979
425,0.7509103391431857
426,0.7953830116299329
