protein,predus,ispred,dockpred,logreg,refscore
1ACB.E,0.4285714285714286,0.380952380952381,0.5238095238095238,0.5714285714285715,
1ACB.I,0.5806451612903226,0.6451612903225806,0.5806451612903226,0.7096774193548387,
1AHW.A,0.5454545454545454,0.6181818181818183,0.7272727272727273,0.6909090909090908,
1AK4.A,0.2285714285714286,0.3428571428571429,0.17142857142857146,0.39999999999999997,
