residue,prediction score
130,0.0
131,0.0
132,0.004193290734824281
133,0.004193290734824281
134,0.004193290734824281
135,0.004193290734824281
136,0.0
137,0.0
138,0.0
139,0.0
140,0.6
141,0.4
142,0.0
143,0.0
144,0.3
145,0.2
146,0.0
147,0.0
148,0.0
149,0.0
150,0.004193290734824281
151,0.0
152,0.0
153,0.0
154,0.0
155,0.0
156,0.0
157,0.004193290734824281
158,0.0
159,0.0
160,0.0
161,0.0
162,0.0
163,0.0
164,0.0
165,0.1
166,0.0
167,0.0
168,0.0
169,0.004193290734824281
170,0.0
171,0.004193290734824281
172,0.0
173,0.0
174,0.0
175,0.2
176,0.5
177,0.3
178,0.1
179,0.0
180,0.0
181,0.0
182,0.0
183,0.5
184,0.0
185,0.0
186,0.0
187,1.0
188,0.0
189,0.0
190,0.0
191,0.0
192,0.0
193,0.0
194,0.0
195,0.0
196,0.0
197,0.0
198,0.0
199,0.1
200,0.0
201,0.0
202,0.4
203,0.2
204,1.0
205,0.6
206,0.0
207,0.4
208,0.0
209,0.0
210,0.1
211,0.0
212,0.0
213,0.2
214,0.0
215,0.0
216,0.0
217,0.1
218,0.0
219,0.0
220,0.0
221,0.0
222,0.1
223,0.0
224,0.0
225,1.0
226,0.0
227,0.0
228,0.0
229,0.0
230,0.0
231,0.0
232,0.0
233,0.0
234,0.004193290734824281
235,0.004193290734824281
236,0.004193290734824281
237,0.004193290734824281
238,0.0
239,0.0
240,0.0
241,0.0
242,0.0
243,0.1
244,0.0
245,0.0
246,0.0
247,0.0
248,0.0
249,0.0
250,0.0
251,0.0
252,0.0
253,0.0
254,0.0
255,0.0
256,0.0
257,0.0
258,0.0
259,0.004193290734824281
260,0.2
261,0.0
262,0.0
263,0.0
264,0.2
265,0.0
266,0.0
267,0.0
268,0.2
269,0.0
270,0.0
271,0.1
272,0.0
273,0.0
274,0.0
275,0.0
276,0.0
277,0.0
278,0.0
279,0.0
280,0.4
281,0.0
282,0.8
283,0.0
284,0.1
285,0.0
286,0.1
287,0.0
288,0.1
289,0.0
290,0.0
291,0.0
292,0.0
293,0.0
294,0.0
295,0.0
296,0.0
297,0.0
298,0.0
299,0.0
300,0.0
301,0.0
302,0.0
303,0.0
304,0.0
305,0.0
306,0.0
