,predus,ispred,dockpred,rfscore,logreg
cv1,0.6799893547608954,0.7978920194977637,0.8596994944906171,0.8895001864975756,0.8641745064721563
cv2,0.6719615775029734,0.8133956156895162,0.7374641021316621,0.859241162413952,0.8533031185518439
cv3,0.690648573881953,0.8024917416482639,0.8365200646604051,0.8637850981292825,0.8395031462486836
cv4,0.6758709613958768,0.8210271166357248,0.7952980785040181,0.8815534850392793,0.8608987087079311
cv5,0.7513938764875095,0.8124172862000578,0.7952582866440543,0.8729799890848581,0.8593003383265555
