,predus,ispred,dockpred,rfscore,logreg
cv1,0.31568431568431565,0.34765234765234765,0.40259740259740256,0.41058941058941056,0.4055944055944056
cv2,0.3339466421343146,0.34958601655933763,0.35234590616375344,0.41122355105795766,0.4047838086476541
cv3,0.3568807339449541,0.39174311926605504,0.3880733944954129,0.4357798165137615,0.44311926605504587
cv4,0.32828064097011694,0.3975747076656561,0.3525335643135557,0.40623646600259844,0.40450411433521005
cv5,0.40093896713615024,0.3962441314553991,0.34178403755868547,0.44413145539906107,0.4366197183098592
