,predus,ispred,dockpred,rfscore,logreg
cv1,0.20890093330121862,0.30742712828873053,0.29492399319585344,0.3764349790431418,0.35529800236960196
cv2,0.2384804802058455,0.33176497363820223,0.24085761413922782,0.3918660481066264,0.38771074679670614
cv3,0.24329935353994825,0.3066320902735209,0.2767841340558344,0.3898771601570503,0.389640885106189
cv4,0.23717438819784115,0.3597340225136214,0.2562735663057797,0.40341208692380637,0.3967039655320057
cv5,0.2957402778206767,0.31123005694012235,0.25488468968034184,0.39000038549915933,0.40790630913597653
