,predus,ispred,dockpred,rfscore,logreg
cv1,0.7481011155945879,0.7784832660811771,0.9131260384524094,0.8401376691193926,0.8835153097555186
cv2,0.8770687237026649,0.911500701262272,0.9555750350631136,0.8961079943899017,0.9709326788218794
