,predus,ispred,dockpred,rfscore,logreg
cv1,0.33766233766233766,0.36363636363636365,0.36363636363636365,0.3896103896103896,0.44155844155844154
cv2,0.5581395348837209,0.627906976744186,0.6744186046511628,0.627906976744186,0.627906976744186
