,predus,ispred,dockpred,rfscore,logreg
cv1,0.31839391875625284,0.3501940512090968,0.3501940512090968,0.3819941836619408,0.4455944485676288
cv2,0.5450459200368192,0.6247019018022953,0.6778058896459462,0.6247019018022953,0.6247019018022953
