,predus,ispred,dockpred,rfscore,logreg
cv1,0.3008396684135783,0.39144898005637824,0.4494436246656556,0.3590212085960906,0.5275435455685183
cv2,0.5453894892297642,0.5371331054257015,0.48928925125038514,0.5985090616973092,0.724124579069591
