residue,prediction score
1,0.3
2,0.0
3,0.1
4,0.1
5,0.2
6,0.0
7,0.0
8,0.3
9,0.5
10,0.0
11,0.0
12,0.0
13,0.0
14,0.9
15,0.0
16,0.0
17,0.0
18,0.0
19,0.0
20,0.0046701692936368935
21,0.0
22,0.0
23,0.0
24,0.0
25,0.0
26,0.0
27,0.4
28,0.8
29,0.0
30,0.0
31,0.1
32,0.0
33,0.0
34,0.0
35,0.0
36,0.0
37,0.0
38,0.0
39,0.0
40,0.0
41,0.1
42,0.0
43,0.0
44,0.0
45,0.0
46,0.0
47,0.0
48,0.0
49,0.1
50,0.0
51,0.0
52,0.0
53,0.0
54,0.0
55,0.0
56,0.0
57,0.1
58,0.0
59,0.6
60,0.2
61,1.0
62,0.0
63,0.0
64,0.1
65,0.032258064516129024
66,0.0
67,0.0
68,0.0
69,0.0
70,0.0
71,0.0
72,0.0
73,0.0
74,1.0
75,0.0
76,0.0
77,0.0
78,0.0
79,0.0
80,0.0
81,0.0
82,0.0
83,0.0
84,0.0
85,0.0
86,0.0
87,0.0
88,0.0
89,0.0
90,0.0
91,0.0
92,0.0
93,0.9
94,0.1
95,0.1
96,0.8
97,0.0
98,0.4
99,0.0
100,0.0
101,0.0
102,0.0046701692936368935
103,0.11111111111111112
104,0.0
105,0.0
106,0.1
107,0.3
108,0.0
109,0.0
110,0.0
111,0.0046701692936368935
112,0.0046701692936368935
113,0.0
114,0.0
115,0.0
116,0.0
117,0.8
118,0.0
119,0.1
120,0.0
121,0.7
122,0.4
123,0.0
124,0.0
125,0.6
126,0.0
127,0.0046701692936368935
128,0.9
129,0.4
130,0.1
131,0.11111111111111112
132,0.2
133,0.4
134,0.0
135,0.0
136,0.1
137,0.1
138,0.6
139,0.0
