residue,prediction score
1,0.8
2,0.1
3,0.0
4,0.4
5,0.5
6,0.6
7,0.0
8,0.0
9,0.0
10,0.0
11,0.0
12,0.0
13,0.0
14,0.0
15,0.2
16,0.0
17,0.0
18,0.0
19,0.0
20,0.0
21,0.0
22,0.0
23,0.0
24,0.0
25,0.0
26,0.1
27,0.9
28,0.0
29,1.0
30,0.0
31,0.0
32,0.0
33,0.0
34,0.0
35,0.8
36,0.3
37,0.0
38,0.0
39,0.0
40,0.0
41,0.0
42,0.0
43,0.0
44,0.0
45,0.002587991718426501
46,0.0
47,0.002587991718426501
48,0.002587991718426501
49,0.0
50,0.0
51,0.0
52,0.0
53,0.0
54,0.3
55,0.4
56,0.6
57,0.2
58,0.5
59,0.0
60,0.0
61,0.0
62,0.0
63,0.0
64,0.0
65,0.1
66,0.0
67,0.1
68,0.0
69,0.1
70,0.0
71,0.0
72,0.0
73,0.9
74,0.0
75,0.0
76,0.4
77,0.1
78,0.0
79,0.0
80,0.1
81,0.6
82,0.0
83,0.0
84,0.0
85,0.0
86,0.0
87,0.0
88,0.2
89,0.2
90,0.0
91,0.0
92,0.2
93,0.0
94,0.0
95,0.1
96,0.1
97,0.7
98,0.8
99,0.0
100,0.8
101,0.5
102,0.2
103,1.0
104,0.9
105,0.4
106,0.0
107,0.0
108,0.0
109,0.1
110,0.0
111,0.0
112,0.0
113,0.0
114,0.5
115,0.7
116,0.1
117,0.0
118,0.4
119,0.6
120,0.4
121,0.0
122,0.0
123,0.0
124,0.1
125,0.3
126,0.6
127,0.8
