residue,prediction score
447,0.1
448,0.3
449,0.1
450,0.5
451,0.0
452,0.0
453,1.0
454,0.0
455,0.0
456,0.0
457,0.0
458,0.0
459,0.0
460,0.0
461,0.0
462,0.3
463,0.1
464,0.0
465,0.0
466,0.1
467,0.3
468,0.0
469,0.0
470,0.0
471,0.0
472,0.1
473,0.0
474,0.0
475,0.0
476,0.09090909090909093
477,0.0
478,0.0
479,0.0
480,0.0
481,0.0
482,0.0
483,0.0
484,0.0
485,0.0
486,0.0
487,0.0
488,0.0
489,0.0
490,0.1
491,0.0
492,0.7
493,0.1
494,0.0
495,0.0
496,0.0
497,0.1
498,0.0
499,0.0046701692936368935
500,0.0
501,0.0
502,0.0
503,0.0
504,0.0
505,0.0
506,0.0
507,0.0
508,0.0
509,0.0
510,0.0
511,0.5
512,0.4
513,0.3
514,0.1
515,0.1
516,0.1
517,0.1
518,0.0
519,0.8
520,0.5
521,0.0
522,0.0
523,0.0
524,0.0
525,0.5
526,0.0
527,0.0
528,1.0
529,0.0
530,0.2
531,1.0
532,1.0
533,0.2
534,0.0
535,0.0
536,0.1
537,0.9
538,0.0
539,0.0
540,0.1
541,0.0
542,0.0
543,0.0
544,0.0
545,0.0
546,1.0
547,0.1
548,0.0
549,0.3
550,0.4
551,0.3
552,0.1
553,0.0
554,0.1
555,0.0
556,0.0
557,0.1
558,0.0
559,0.0
560,0.0
561,0.0
562,0.0
563,0.0
564,0.0
565,0.0
566,0.0
567,0.0
568,0.2
569,0.0
570,0.0
571,0.4
572,0.2
