residue,prediction score
16,0.0
17,0.0
18,0.0
19,0.0
20,0.0
21,0.1
22,0.0
23,0.0
24,0.0
25,0.0
26,0.2
27,0.0
28,0.0
29,0.0
30,0.0046701692936368935
31,0.0046701692936368935
32,0.14285714285714282
33,0.0
34,0.0
37,0.0
38,0.0
39,0.0
40,0.1
41,0.6
42,0.0
43,0.0
44,0.0046701692936368935
45,0.0046701692936368935
46,0.0
47,0.0
48,0.0
49,0.0
50,0.0
51,0.0
52,0.0046701692936368935
53,0.0046701692936368935
54,0.0
55,0.0
56,0.1
57,0.7
58,0.0
59,0.0
60,0.7
61,0.2
62,0.7
63,0.5
64,0.0
65,0.0046701692936368935
66,0.0
67,0.0
69,0.0
70,0.0
71,0.0
72,0.0
73,0.4
74,0.1
75,0.1
76,0.0
77,0.0
78,0.0
79,0.0
80,0.0
81,0.0
82,0.0
83,0.0
84,0.0
85,0.0
86,0.0
87,0.0
88,0.1
89,0.0
90,0.0
91,0.0
92,0.1
93,0.6
94,0.8
95,0.1
96,0.0
97,0.0
98,0.0
99,0.4
100,0.0
101,0.0
102,0.0
103,0.0
104,0.0
105,0.0
106,0.0
107,0.0
108,0.0
109,0.0
110,0.0
111,0.0
112,0.0
113,0.0
114,0.0
115,0.0
116,0.0
117,0.0
118,0.0
119,0.0
120,0.0
121,0.0
122,0.0
123,0.0
124,0.0
125,0.0
127,0.0
128,0.0
129,0.0
130,0.0
132,0.0
133,0.0
134,0.0
135,0.0
136,0.0
137,0.0
138,0.0046701692936368935
139,0.0
140,0.0046701692936368935
141,0.0
142,0.0
143,0.0
144,0.0
145,0.5
146,0.0
147,0.0
148,0.0
149,0.2
150,0.0
151,0.3
152,0.0
153,0.0
154,0.0
155,0.0
156,0.0
157,0.0
158,0.0
159,0.0
160,0.0
161,0.0
162,0.0
163,0.0
164,0.0
165,0.0
166,0.0
167,0.0
168,0.0
169,0.1
170,0.0
171,0.0
172,0.0
173,0.0
174,0.0
175,1.0
176,0.0
177,0.0
178,0.0
179,0.0
180,0.0
181,0.0
182,0.0
183,0.0046701692936368935
184,0.0
185,0.0
186,0.0
187,0.0
188,1.0
189,0.0
190,0.0
191,0.6
192,0.4
193,0.0
194,0.0
195,0.3
196,0.0
197,0.0046701692936368935
198,0.0
199,0.0046701692936368935
200,0.0
201,0.0
202,0.0
203,0.0
204,0.0
209,0.0
210,0.0
211,0.0046701692936368935
212,0.0046701692936368935
213,0.0
214,0.0
215,0.2
216,0.8
217,0.4
219,0.4
220,0.0
221,0.0
222,0.0
223,0.0
224,0.0
225,0.0
226,0.0
227,0.0
228,0.0
229,0.0
230,0.2
231,0.0
232,0.0
233,0.0
234,0.0
235,0.0
236,0.0
237,0.0
238,0.0
239,0.0
240,0.0
241,0.0
242,0.0
243,0.0
244,0.0
245,0.0
