residue,prediction score
12,0.3
13,0.0
14,0.0
15,0.0
16,0.0
17,0.0
18,0.0
19,0.0
20,0.0
21,0.0
22,0.0
23,0.0
24,0.0
25,0.0
26,0.0
27,0.0
28,0.0
29,0.0
30,0.3
31,0.4
32,0.6
33,0.0
34,0.0
35,0.2
36,0.0
37,0.0
38,0.1
39,0.0
40,0.0
41,0.0
42,0.0
43,0.0
44,0.0
45,0.0
46,0.8
47,0.5
48,0.3
49,0.1
50,0.0
51,0.0
52,1.0
53,0.0
54,0.0
55,0.0
56,0.0
57,0.0
58,1.0
59,0.0
60,0.0
61,0.0
62,0.0
63,0.0
64,0.0
65,0.1
66,0.0
67,0.0
68,0.0
69,0.0
70,0.0
71,0.0
72,0.0046701692936368935
73,0.0
74,0.9
75,0.0
76,0.1
77,0.0
78,0.3
79,0.0
80,0.0
81,0.0
82,0.1
83,0.0
84,0.0
85,0.0
86,0.2
87,0.1
90,0.6
91,0.1
92,0.2
93,0.3
94,0.0
95,0.1
96,0.2
97,0.1
98,0.0
99,0.0
100,0.2
101,0.0
102,0.3
103,0.3
104,0.0
105,0.0
106,0.0
107,0.0
108,0.0
109,0.0
110,0.0
111,0.0
112,0.0
113,0.0
114,0.0
115,0.1
116,0.2
117,0.0
118,0.0
119,0.0
120,0.3
121,0.0
122,0.1
123,0.0
124,0.2
125,0.0
126,0.0
127,0.0
128,0.0
129,0.0
134,0.0
135,0.0
136,0.0
137,0.0
138,0.0
139,0.0
140,0.0
141,0.0
142,0.0
143,0.0046701692936368935
144,0.0
145,0.0
146,0.7
147,0.0
148,0.0
149,0.0
150,0.0
151,0.0
152,0.0
153,0.0
154,0.0
155,0.0
156,0.2
157,0.0
162,0.2
163,0.1
164,0.0
165,0.1
166,0.1
167,0.3
168,0.0
169,0.0
170,0.0
171,0.0
172,0.0
173,1.0
174,0.0
175,0.0
176,0.0
177,0.0
178,0.0
179,0.0
180,0.0
181,0.0
182,0.0
183,0.0
184,0.0
185,0.33333333333333337
186,0.0
187,0.1
191,0.4
192,0.0
193,0.0
194,0.0
195,0.0
196,0.0
197,0.0
198,0.0
199,0.0
200,0.0
201,0.0
202,0.2
203,0.0
204,0.9
