residue,prediction score
238,0.2
239,1.0
240,0.0
241,0.6
242,0.0
243,0.2
244,0.1
245,0.0
246,0.0
247,0.0
248,0.0
249,0.0
250,0.0
251,0.0
252,0.1
253,0.2
254,0.0
255,0.7
256,0.0
257,0.0
258,0.0
259,0.0
260,0.0
261,0.0
262,0.0
263,0.0
264,0.6
265,0.3
266,0.2
267,0.3
268,0.1
269,0.0
270,0.0
271,0.0
272,0.0
273,0.2
274,0.0
275,0.0
276,0.0
277,0.0
278,0.0
279,0.0
280,0.0
281,0.0
282,0.0
283,0.0
284,0.0
285,0.0
286,0.0
287,0.0
288,0.0
289,0.0
290,0.0
291,0.0
292,0.1
293,0.1
294,0.0
295,0.1
296,0.5
297,0.6
298,0.3
299,0.0
300,0.2
301,0.1
302,0.0
303,0.0
304,0.0
305,0.0
306,0.0
307,0.0
308,0.0
309,0.0
310,0.1
311,0.0
312,0.0
313,0.0
314,0.1
315,0.1
316,0.0
317,0.0
318,0.0
319,0.0
320,0.0
321,0.0
322,0.0
323,0.0
324,0.0
325,0.0
326,0.0
327,0.0
328,0.0
329,0.0
330,0.2
331,0.0
332,0.0
333,0.0
334,0.6
335,0.0
336,0.0
337,0.9
338,0.0
339,0.0
340,0.0
341,0.0
342,0.0
343,0.0
344,0.0
345,0.0
346,0.0
347,0.0
348,0.0
349,0.2
350,0.0
351,0.2
352,0.0
353,0.0
354,0.0
355,0.0
356,0.0
357,0.0
358,0.0
359,0.0
360,0.0
361,0.04
362,0.0
363,0.0
364,0.0
365,0.0
366,0.2
367,0.0
368,0.2
369,0.0
370,0.2
371,0.0
372,0.0
373,0.0
374,0.0
375,0.0
376,1.0
377,1.0
378,0.0
379,0.0
380,0.0
381,0.0
382,0.0
383,0.0
384,0.0
385,0.0
386,0.0
387,0.0
388,0.0
389,0.0
390,0.0
391,0.0
392,0.0
393,0.4
394,0.5
395,0.3
396,0.1
397,0.9
398,0.5
399,0.4
400,0.2
401,0.1
402,0.5
403,0.0
404,0.0
405,0.8
406,0.0
407,0.6
408,0.0
409,0.0
410,0.0
411,0.0
412,0.0
413,1.0
414,0.0
415,0.0
416,0.0
417,0.0
418,0.0
419,0.0
420,0.0
421,0.0
422,0.0
423,0.0
424,0.0
425,0.0046701692936368935
426,0.0
427,0.032258064516129024
428,1.0
429,0.0
430,0.0
431,0.1
432,0.0
433,0.0
434,0.0
435,0.0
436,0.0
437,0.0
438,0.0
439,0.0
440,0.0
441,0.0
442,0.0
443,0.0
