residue,prediction score
130,0.0
131,0.0
132,0.0046701692936368935
133,0.0046701692936368935
134,0.0046701692936368935
135,0.0046701692936368935
136,0.0
137,0.0
138,0.0
139,0.0
140,0.5
141,0.5
142,0.0
143,0.2
144,0.5
145,0.2
146,0.0
147,0.0
148,0.0
149,0.0
150,0.0046701692936368935
151,0.0
152,0.0
153,0.0
154,0.0
155,0.0
156,0.0
157,0.0046701692936368935
158,0.0
159,0.0
160,0.0
161,0.0
162,0.0
163,0.0
164,0.0
165,0.0
166,0.0
167,0.0
168,0.0
169,0.0046701692936368935
170,0.0
171,0.0046701692936368935
172,0.0
173,0.0
174,0.0
175,0.9
176,0.1
177,0.6
178,0.0
179,0.0
180,0.0
181,0.0
182,0.0
183,0.33333333333333337
184,0.0
185,0.0
186,0.0
187,0.0
188,0.0
189,0.0
190,0.0
191,0.0
192,0.0
193,0.0
194,0.0
195,0.0
196,0.0
197,0.0
198,0.1
199,0.2
200,0.1
201,0.0
202,0.2
203,0.4
204,1.0
205,0.8
206,0.0
207,0.1
208,0.0625
209,0.0
210,0.1
211,0.0
212,0.0
213,0.1
214,0.1
215,0.0
216,0.0
217,0.1
218,0.0
219,0.0
220,0.0
221,0.1
222,0.2
223,0.0
224,0.1
225,0.9
226,0.0
227,0.0
228,0.2
229,0.0
230,0.0
231,0.0
232,0.0
233,0.0
234,0.0046701692936368935
235,0.0046701692936368935
236,0.0046701692936368935
237,0.0046701692936368935
238,0.0
239,0.0
240,0.0
241,0.1
242,0.0
243,0.4
244,0.0
245,0.0
246,0.0
247,0.0
248,0.0
249,0.0
250,0.0
251,0.0
252,0.0
253,0.0
254,0.0
255,0.0
256,0.0
257,0.0
258,0.0
259,0.0046701692936368935
260,0.2
261,0.0
262,0.0
263,0.0
264,0.0
265,0.0
266,0.0
267,0.1
268,0.5
269,0.0
270,0.0
271,0.0
272,0.0
273,0.0
274,0.0
275,0.0
276,0.0
277,0.0
278,0.0
279,0.0
280,0.0
281,0.0
282,0.1
283,0.1
284,0.0
285,0.0
286,0.0
287,0.0
288,0.0
289,0.0
290,0.0
291,0.0
292,0.0
293,0.0
294,0.0
295,0.0
296,0.0
297,0.1
298,0.0
299,0.0
300,0.0
301,0.0
302,0.0
303,0.0
304,0.0
305,0.0
306,0.0
