residue,prediction score
16,0.0
17,0.0
18,0.9
19,0.0
20,0.0
21,0.0
22,0.0
23,0.6
24,0.0
25,0.0
26,0.0
27,0.2
28,0.0
29,0.0
30,0.0
31,0.004398826979472142
32,0.0
33,0.0
34,0.0
35,1.0
36,0.1
37,0.1
38,0.4
39,1.0
40,0.0
41,0.0
42,0.0
43,0.004398826979472142
44,0.004398826979472142
45,0.0
46,0.0
47,0.0
48,1.0
49,0.0
50,0.0
51,0.0
52,0.004398826979472142
53,0.004398826979472142
54,0.004398826979472142
55,0.004398826979472142
56,0.0
57,0.9
58,0.0
59,0.0
60,0.1
61,1.0
62,0.0
63,0.0
64,0.0
65,0.1
66,0.0
67,0.0
68,0.0
69,0.0
70,0.0
71,0.0
72,0.0
73,0.0
74,0.0
75,0.0
76,0.0
77,0.0
78,0.0
79,0.0
80,0.0
81,0.0
82,0.0
83,0.0
84,0.0
85,0.3
86,0.0
87,0.0
88,1.0
89,0.0
90,0.0
91,0.0
92,0.1
93,0.4
94,0.8
95,0.3
96,0.0
97,0.0
98,0.0
99,0.6
100,0.0
101,0.3
102,0.0
103,0.0
104,0.004398826979472142
105,0.004398826979472142
106,0.0
107,0.0
108,0.0
109,0.0
110,0.0
111,0.0
112,0.0
113,0.1
114,0.0
115,0.0
116,0.0
117,0.0
118,0.0
119,0.0
120,1.0
121,0.0
122,0.2
123,0.0
124,0.0
125,0.0
126,0.0
127,0.0
128,0.0
129,0.0
130,0.0
131,0.0
132,0.2
133,0.0
134,0.0
135,0.0
136,0.0
137,0.3
138,0.004398826979472142
139,0.0
140,0.004398826979472142
141,0.0
142,0.0
143,0.0
144,0.0
145,0.5
147,0.0
148,0.8
149,0.0
150,0.0
151,0.0
152,0.0
153,0.0
154,0.0
155,0.0
156,0.0
157,0.0
158,0.0
159,0.0
160,0.0
161,0.0
162,0.0
163,0.0
164,0.0
165,0.0
166,0.1
167,0.1
168,0.0
169,0.3
170,0.0
171,0.6
172,0.0
173,0.1
174,0.0
175,0.7
176,0.0
177,0.5
178,0.4
179,0.0
180,0.0
181,0.018181818181818184
182,0.03773584905660377
183,0.0
184,0.0
185,0.1
186,0.0
187,0.0
188,0.0
189,0.0
190,0.0
191,0.0
192,0.0
193,0.0
194,0.0
195,0.0
196,0.0
197,0.004398826979472142
198,0.004398826979472142
199,0.004398826979472142
200,0.0
201,0.0
202,0.6
203,0.1
204,0.2
205,0.5
206,0.0
207,1.0
208,0.0
209,0.0
210,0.0
211,0.004398826979472142
212,0.004398826979472142
213,0.0
214,0.0
215,0.4
216,0.1
217,0.1
218,1.0
219,0.0
220,0.0
221,0.0
222,0.0
223,0.4
224,0.8
225,0.0
226,0.004398826979472142
227,0.0
228,0.0
229,0.0
230,0.0
231,0.0
232,0.0
233,0.7
234,1.0
235,0.0
236,0.5
237,0.0
238,0.0
239,0.0
240,0.4
241,0.0
242,0.33333333333333337
243,0.0
244,0.0
245,0.0
