residue,prediction score
1,0.9
2,1.0
3,0.0
4,0.004398826979472142
5,0.004398826979472142
6,0.0
7,0.0
8,0.0
9,0.0
10,0.0
11,0.0
12,0.0
13,0.0
14,0.0
15,0.1
16,0.0
17,0.0
18,0.0
19,0.1
20,0.0
21,0.0
22,0.5
23,0.0
24,0.0
25,0.1
26,0.3
27,0.6
28,0.4
29,0.0
30,0.4
31,0.0
32,0.2
33,0.0
34,0.1
35,0.0
36,0.0
37,0.0
38,0.2
39,0.0
40,1.0
41,0.0
42,0.0
43,0.0
44,0.1
45,1.0
46,0.0
47,0.0
48,0.0
49,0.1
50,0.0
51,0.0
52,0.0
53,0.0
54,0.0
55,0.0
56,0.0
57,0.8
58,0.1
59,0.0
60,1.0
61,0.6
62,0.6
63,0.1
64,0.004398826979472142
65,0.0
66,0.2
67,0.2
68,0.7
69,0.7
70,0.8
71,0.6
72,0.2
73,0.9
74,0.8
75,0.0
76,0.4
77,0.7
78,0.0
79,0.2
80,0.4
81,0.0
82,0.8
83,0.0
84,0.0
85,0.9
86,0.0
87,0.0
88,0.2
89,0.0
90,0.0
91,0.0
92,0.2
93,0.3
94,0.2
95,0.7
96,0.6
97,0.2
98,0.1
99,0.2
100,1.0
101,0.0
102,0.3
103,0.1
104,0.0
105,0.0
106,0.0
107,0.0
108,0.0
109,0.0
110,0.0
111,0.0
112,0.0
113,0.0
114,0.0
115,0.1
116,0.0
117,0.0
118,0.0
119,0.0
120,0.0
121,0.0
122,0.6
123,0.0
124,0.0
125,0.0
126,0.7
127,0.0
128,0.0
129,0.0
130,0.0
131,0.9
132,1.0
133,0.2
134,0.0
135,0.0
136,0.1
137,0.1
138,0.0
139,0.0
140,0.0
141,0.0
142,0.0
143,0.0
144,0.004398826979472142
145,0.0
146,0.0
147,0.0
148,0.0
149,0.0
150,0.0
151,0.2
152,0.7
153,0.9
154,0.0
155,0.8
156,0.2
157,1.0
158,0.2
