residue,prediction score
380,0.0
381,0.0
382,1.0
383,0.8
384,0.9
385,0.0
386,0.0
387,0.7
388,0.0
389,0.0
390,0.9
391,0.0
392,0.0
393,0.0
394,0.0
395,0.0
396,0.0
397,0.0
398,0.0
399,0.0
400,0.004398826979472142
401,0.0
402,0.0
403,0.0
404,0.0
405,0.1
406,0.0
407,0.0
408,0.0
409,0.0
410,0.0
411,0.0
412,0.0
413,0.9
414,0.0
415,0.0
416,0.0
417,0.0
418,0.0
419,0.2
420,0.1
421,0.6
422,0.2
423,0.0
424,0.0
425,0.4
426,0.0
427,0.5
428,0.2
429,0.0
430,0.0
431,0.0
432,0.0
433,0.0
434,0.2
435,0.0
436,0.9
437,0.2
438,0.1
439,1.0
440,0.4
441,0.1
442,0.0
443,0.7
444,0.0
445,0.0
446,0.0
447,0.0
448,0.0
449,0.004398826979472142
450,0.0
451,0.5
452,0.0
453,0.004398826979472142
454,0.0
455,0.0
456,0.0
457,0.0
458,0.0
459,0.0
460,0.0
461,0.0
462,0.0
463,0.0
464,0.0
472,0.9
473,0.3
474,0.0
475,0.0
476,0.0
477,0.0
478,0.0
479,0.0
480,0.0
481,0.0
482,0.0
483,0.0
484,0.0
485,0.25
486,0.0
487,0.004398826979472142
488,0.004398826979472142
489,0.004398826979472142
490,0.004398826979472142
491,0.0
492,0.1
493,0.019230769230769232
494,0.0
495,0.0
496,0.1
497,0.1
498,0.1
499,0.0
514,0.0
515,0.0
516,0.0
517,0.0
518,0.0
519,0.1
520,0.0
521,0.0
522,0.0
523,0.0
524,0.0
525,0.0
526,0.6
527,0.0
528,0.0
529,0.1
530,0.0
531,0.0
532,0.0
533,0.0
534,0.0
535,0.0
536,0.0
537,0.0
538,0.0
539,0.0
540,0.0
541,0.0
542,0.0
543,0.0
544,1.0
545,0.0
546,0.0
547,0.0
548,0.0
549,0.9
550,0.0
551,1.0
552,0.0
553,0.0
554,0.2
555,0.2
556,0.1
557,0.0
558,0.9
559,0.0
560,0.5
561,0.8
562,0.0
563,0.8
564,0.5
565,0.4
566,0.5
567,0.0
568,0.9
569,0.0
570,0.8
571,0.5
572,0.3
573,0.3
574,0.1
575,0.1
576,0.7
577,0.5
