residue,prediction score
3,0.0
4,1.0
5,1.0
6,1.0
7,0.0
8,0.0
9,0.004398826979472142
10,0.004398826979472142
11,0.004398826979472142
12,0.0
13,0.0
14,0.0
15,0.0
16,0.0
17,0.0
18,0.0
19,0.0
20,0.08333333333333334
21,0.0
22,0.0
23,0.0
24,0.0
25,0.0
26,0.0
27,0.0
28,0.1
29,0.0
30,0.0
31,0.0
32,1.0
33,1.0
34,0.9
35,0.0
36,0.0
37,0.0
38,0.0
39,0.0
40,0.0
41,0.0
42,0.0
43,0.0
44,0.0
45,0.0
46,0.0
47,0.0
48,0.9
49,1.0
50,0.0
51,1.0
52,0.0
53,1.0
54,0.0
55,1.0
56,0.0
57,1.0
58,0.1
59,0.0
60,0.0
61,0.0
62,0.0
63,0.0
64,0.0
65,0.0
66,0.0
67,0.0
68,0.09090909090909093
69,0.0
70,0.004398826979472142
71,0.004398826979472142
72,0.004398826979472142
73,0.0
74,0.0
75,0.0
76,0.0
77,0.0
78,0.0
79,0.2
80,0.0
81,0.0
82,0.0
83,0.2
84,0.2
85,0.0
86,0.3
87,0.0
88,0.0
89,0.4
90,0.0
91,0.1
92,0.0
93,0.0
94,0.0
95,0.0
96,0.0
97,0.0
98,0.0
99,0.004398826979472142
100,0.0
101,0.0
102,0.0
103,0.0
104,0.0
105,0.0
106,0.0
107,0.0
108,0.004398826979472142
109,0.004398826979472142
110,0.004398826979472142
111,0.0
112,0.0
113,0.0
114,0.0
115,0.0
116,0.0
117,0.0
118,0.9
119,0.0
120,0.0
121,0.1
122,0.1
123,0.2
124,0.1
125,0.1
126,0.3
127,0.8
128,0.0
129,1.0
130,0.0
131,0.0
132,0.0
133,0.0
134,0.0
135,0.0
136,0.0
137,0.0
138,0.0
139,0.0
140,0.0
141,0.0
142,0.0
143,0.0
144,0.0
145,0.004398826979472142
146,0.004398826979472142
147,0.0
148,0.1
149,0.8
150,0.0
151,0.0
152,0.2
153,0.1
154,0.0
155,0.004398826979472142
156,0.0
157,0.4
158,0.0
159,0.0
160,1.0
161,0.0
162,0.0
163,1.0
164,0.0
165,0.0
166,0.0
167,0.0
168,0.0
169,0.0
170,0.0
171,0.0
172,0.0
173,0.0
174,0.0
175,0.0
176,0.0
177,1.0
178,0.0
179,0.0
180,0.0
181,0.7
182,0.0
183,0.0
184,0.004398826979472142
185,0.0
186,0.3
187,0.0
188,0.0
189,0.0
190,0.0
191,0.1
192,0.1
193,0.0
194,0.4
195,0.1
196,0.0
197,0.5
198,0.1
199,0.1
200,0.0
201,0.4
202,0.2
203,0.4
204,0.0
205,0.0
206,0.8
207,0.0
208,0.0
209,0.0
210,0.1
211,0.5
212,0.0
213,0.0
214,0.0
215,0.3
216,0.1
217,0.2
218,0.0
219,0.0
220,0.0
221,0.09090909090909093
222,0.7
223,0.7
224,0.0
225,0.1
226,0.0
227,0.0
228,0.0
229,0.0
230,0.0
231,0.0
232,0.0
233,0.7
234,0.0
235,0.5
236,0.2
237,0.2
238,0.0
239,0.6
240,0.0
241,0.0
242,0.1
243,0.1
244,0.4
245,0.0
246,0.0
247,0.2
248,0.0
249,0.0
250,0.0
251,0.0
252,0.0
253,0.0
254,0.0
255,0.6
256,0.8
257,0.2
258,0.1
259,0.0
260,0.3
261,0.6
262,0.5
263,0.2
264,0.6
