residue,prediction score
345,0.02905468395521428
346,0.096530733623809
347,0.096530733623809
348,0.03326709909481688
349,0.03903414619416904
350,0.03903414619416904
351,0.10387793393776792
352,0.021838446553851743
353,0.02905468395521428
354,0.03903414619416904
355,0.021838446553851743
356,0.031817908792806486
357,0.031817908792806486
358,0.021838446553851743
359,0.021838446553851743
360,0.3052028517225252
361,0.14827371074589918
362,0.021838446553851743
363,0.1457861891641612
364,0.15674513459495676
365,0.4536476432422281
366,0.4326087120818192
367,0.304159616841743
368,0.4012573362607453
369,0.3052028517225252
370,0.4023005711415276
371,0.3147921135090712
372,0.03903414619416904
373,0.021838446553851743
374,0.03857117386999463
375,0.03903414619416904
376,0.021838446553851743
377,0.021838446553851743
378,0.02905468395521428
379,0.02905468395521428
380,0.021838446553851743
381,0.03903414619416904
382,0.10881197684321442
383,0.2209999319589468
384,0.27016086587847643
385,0.22082295340222352
386,0.23408367981346964
387,0.4266585183415941
388,0.420819313293082
389,0.10869141663563764
390,0.096530733623809
391,0.2656426217668309
392,0.11312021116662385
393,0.02341859976845845
394,0.3249674645988971
395,0.03903414619416904
396,0.021838446553851743
397,0.10881197684321442
398,0.3298063798777731
399,0.021838446553851743
400,0.021838446553851743
401,0.3613423131342048
402,0.2984016063434537
403,0.02905468395521428
404,0.10881197684321442
405,0.42333950230193657
406,0.399780382132673
407,0.4546908781230104
408,0.4546908781230104
409,0.14165725101269225
410,0.3967130918099881
411,0.22529650814260896
412,0.021838446553851743
413,0.1390249890876964
414,0.4336519469626014
415,0.3052028517225252
416,0.021838446553851743
417,0.15674513459495676
418,0.24049316540295465
419,0.021838446553851743
420,0.2656426217668309
421,0.4197760784122998
422,0.4197760784122998
423,0.22082295340222352
424,0.4590531290434502
425,0.4277017532223764
426,0.4266585183415941
