residue,prediction score
2,0.5
3,0.3
4,0.3
5,0.8
6,0.7
7,0.3
8,0.0
9,0.0
10,0.6
11,0.0
12,0.0
13,0.1
14,0.1
15,0.3
16,0.0
17,0.0
18,0.0
19,0.3
20,0.6
21,0.0
22,0.0
23,0.1
24,0.0
25,0.0
26,0.0
27,0.0
28,0.0
29,0.0042202572347266884
30,0.0
31,0.0
32,0.0
33,0.0
34,0.0
35,0.0
36,0.0
37,0.0
38,0.0
39,0.0
40,0.0
41,0.0
42,0.0
43,0.0
44,0.9
45,0.8
46,0.0
47,0.4
48,0.7
49,0.4
50,0.1
51,0.2
52,0.3
53,0.0
54,0.0
55,0.0
56,0.0
57,0.0
58,0.2
59,0.0
60,0.0
61,0.1
62,0.0
63,0.0
64,0.0
65,0.0
66,0.0
67,0.0
68,0.0
69,0.0
70,0.0
71,0.0
72,0.9
73,0.0
74,0.0
75,0.0
76,0.1
77,0.0
78,0.1
79,0.1
80,0.0
81,0.0
82,0.0
83,0.0
84,0.1
85,0.5
86,0.3
87,0.0
88,0.1
89,0.6
90,0.6
91,0.2
92,0.4
93,1.0
94,0.4
95,0.0
96,0.0
97,0.0042202572347266884
98,0.0
99,0.0
100,0.5
101,0.3
102,0.0
103,0.2
104,0.0
105,0.0
106,0.0
107,0.1
108,0.0
109,0.8
110,0.6
111,0.4
112,0.2
113,0.1
114,0.0
115,0.0
116,0.0
117,0.0
118,0.0
119,0.0
120,0.0
121,0.0
122,0.0
123,0.3
124,0.3
