residue,prediction score
1,0.07955612345764453
2,0.05679013678342205
3,0.039911819821851886
4,0.0493721442376479
5,0.024796381014446058
6,0.035106849022195866
7,0.049149142976630734
8,0.10870621904712656
9,0.1972039229967802
10,0.1634313837466732
11,0.6972275118733186
12,0.6686783374998998
13,0.4916251320243981
14,0.7353614687006165
15,0.7313893410945534
16,0.5842714327092625
17,0.8284610619942444
18,0.19591401400247035
19,0.25537145338236283
20,0.11708035657406453
21,0.15342880228936806
22,0.11520152533424713
23,0.052603707476586686
24,0.07285802710969445
25,0.03726192072162467
26,0.12294219602899452
27,0.07222622526504388
28,0.05960999600749117
29,0.08649025108085935
30,0.07949652431722694
31,0.17750108397676692
32,0.2798333501583503
33,0.14175645433372092
34,0.21029130446047486
35,0.15906030580344244
36,0.03952190277383018
37,0.5171945146051551
38,0.3844622408981726
39,0.5457302432776695
40,0.10755034220091254
41,0.1590087948333173
42,0.0903900805661911
43,0.025442701593093718
44,0.03981916072709482
45,0.04335267943181023
46,0.12952688669712492
47,0.0541536103788416
48,0.07474391186764835
49,0.07460217024263281
50,0.056567086770485775
51,0.023106456745867355
52,0.10438371303231901
53,0.08797044200779848
54,0.07188207087609838
55,0.024921068144208056
56,0.0723721756666853
57,0.07427528153028573
58,0.05207715322617477
