residue,prediction score
24,0.32133200393392536
25,0.6578057869529521
26,0.7417377311148553
27,0.7194903705017399
28,0.7889707513492542
29,0.38819372361034826
30,0.2787021901992429
31,0.17647690277433742
32,0.35387063490264303
33,0.5926156833089161
34,0.3223940833483208
35,0.2483226727355387
36,0.7992053157140613
37,0.487762262518457
38,0.2342139726501654
39,0.4340546476424757
40,0.7602355287061006
41,0.3274735687442181
42,0.22214538511528573
43,0.044409414271829734
44,0.4103984580888366
45,0.24809195407621265
46,0.3121162104533279
47,0.20725998048898409
48,0.034307890906264245
49,0.3350178079955338
50,0.3821391929978611
51,0.020963835806249026
52,0.020772082051826502
53,0.29341760073107714
54,0.25190945130575626
55,0.021417301708471358
56,0.0724710994683405
57,0.21189647233503933
58,0.07569793782554059
59,0.05310394969288503
60,0.04967034425641078
61,0.03279412224149572
62,0.0870421619384432
63,0.07173269899123552
64,0.12234567582652107
65,0.020756354962713587
66,0.023223504463455547
67,0.30630393090816865
68,0.2651333843478245
69,0.2827373879587719
70,0.07424565782270659
71,0.12864513500474095
72,0.05045681148954096
73,0.050444088489181166
74,0.039867777163813296
75,0.030233529466979044
76,0.020905178591786
77,0.04947998766303485
78,0.041060952144775634
79,0.02537943715700949
80,0.025454215218975527
81,0.06698281433972253
82,0.029654701139666163
83,0.020682593628777116
84,0.11656371558249395
85,0.05390044399374106
86,0.2624029413207617
87,0.3661247601134913
88,0.022262661834720348
89,0.023785053341032716
90,0.06942414374042324
91,0.18648451220172252
92,0.08205187306347501
93,0.11219539208658842
94,0.07524406516899733
95,0.05701371893922876
96,0.08916952880741905
97,0.3663464592310477
98,0.12185560714112395
99,0.23374219535284885
100,0.05324597996342105
101,0.0463465234832247
102,0.02456619156066044
103,0.11635437452893145
104,0.1512039291009981
105,0.19293857331489475
106,0.44822151249731546
107,0.02700323640981596
108,0.058098974321444924
109,0.09328423760834027
110,0.4777974633852989
111,0.3388705487407454
112,0.2421989223800967
113,0.4577669630369583
114,0.5724735063449036
115,0.5777046705465981
116,0.3044772358761413
117,0.7792270745826422
118,0.7731155019446878
119,0.6229572253368348
120,0.5995584453410621
121,0.6834570606543655
