residue,prediction score
1,0.2506283245373553
2,0.5995016483878878
3,0.7413710413987834
4,0.5987908720404359
5,0.6998740535924339
6,0.06581659069280985
7,0.3585672925456194
8,0.06240625980913307
9,0.3927973827378548
10,0.2729632256344109
11,0.02339018404407556
12,0.21307388008429384
13,0.06430767961922768
14,0.06000564619116178
15,0.02270463509721356
16,0.08676123060685345
17,0.02060856850623877
18,0.04119173698912479
19,0.05625228711722646
20,0.04733993623979781
21,0.0700585063866381
22,0.092309403451849
23,0.09828009054245376
24,0.021481699551224604
25,0.07824738657393772
26,0.02111304926941876
27,0.03978403258676567
28,0.021825246624388374
29,0.1467049469394403
30,0.3965612525343024
31,0.28618716420620544
32,0.6345147620438627
33,0.1473406364955109
34,0.6607923722229659
35,0.8920923015484663
36,0.828240037353383
37,0.03820948991297994
38,0.8890180132233598
39,0.2203702508255706
40,0.03963165008645077
41,0.15602671546158384
42,0.1026985460809937
43,0.0681120588093786
44,0.04183148675996823
45,0.02581083411587876
46,0.04046506596272206
47,0.021159457347125283
48,0.030629331350813305
49,0.03211361569128346
50,0.0238557966168273
51,0.026899785869440116
52,0.05378891144264118
53,0.038227413536054064
54,0.024881063784756758
55,0.02167165787180836
56,0.041127228273576615
57,0.020518215231698268
58,0.020866689808410745
59,0.5371052139208512
60,0.05754229447923177
61,0.5385009496778189
62,0.5370787582531517
63,0.7020735750056135
64,0.022320539610944472
65,0.02160833831856945
66,0.06850405853971485
67,0.02169243991075584
68,0.02159743945468566
69,0.11575322465939232
70,0.08104400031077902
71,0.1796000075688058
72,0.0712515832890044
73,0.4358608364618689
74,0.3281252096371777
75,0.3245412938664713
76,0.052341086293655886
77,0.8505887353628893
78,0.02804588323552918
79,0.2460444524920539
80,0.2447763688953021
81,0.1453112293658413
82,0.22011260413170294
83,0.09593317595177343
84,0.047341156443665634
85,0.05598650165184872
86,0.05528329270064294
87,0.10742127394882148
88,0.17370836079117333
89,0.12978689121391593
90,0.2936417372210557
91,0.16946194961447858
92,0.046386454012846134
93,0.03529255787368805
94,0.05791020287717071
95,0.04472426830829748
96,0.04652451532199591
97,0.020979187181564427
98,0.053348337489276816
99,0.0432961014407001
100,0.04912689421305772
