residue,prediction score
8,0.0
9,0.0
10,0.0
11,0.0
12,0.0
13,0.0
14,0.002625246116823452
15,0.002625246116823452
16,0.002625246116823452
17,0.002625246116823452
18,0.0
19,0.0
20,0.0
21,0.2
22,0.0
23,0.0
24,0.0
25,0.0
26,0.0
27,0.0
28,0.0
29,0.8
30,0.1
31,0.6
32,0.2
33,1.0
34,0.4
35,0.3
36,0.3
37,0.3
38,0.4
39,0.0
40,0.4
41,0.5
42,0.3
43,0.9
44,0.0
45,1.0
46,0.0
47,0.1
48,0.0
49,0.0
50,0.0
51,0.2
52,0.0
53,0.4
54,0.0
55,0.1
56,0.0
57,0.0
58,0.4
59,0.0
60,1.0
61,0.0
62,0.0
63,0.0
64,0.1
65,0.0
66,0.0
67,0.0
68,0.0
69,0.0
70,0.0
71,0.0
72,0.3
73,0.0
74,1.0
75,0.2
76,0.0
77,0.0
78,1.0
79,0.1
80,0.0
81,0.9
82,1.0
83,0.0
84,0.1
85,0.0
86,0.002625246116823452
87,0.002625246116823452
88,0.002625246116823452
89,0.002625246116823452
90,0.0
91,0.0
92,0.0
93,0.0
94,0.0
95,0.0
96,0.0
97,0.0
98,0.0
99,0.0
100,0.0
101,0.0
102,0.0
103,0.0
104,0.0
105,0.0
106,0.0
107,0.0
108,0.0
109,0.0
110,0.0
111,0.0
112,0.0
113,0.0
114,0.0
115,0.0
116,0.1
117,0.25
118,0.002625246116823452
119,0.002625246116823452
120,0.002625246116823452
121,0.0
122,0.0
123,0.1
124,0.1
125,0.0
126,0.0
127,0.0
128,0.0
129,0.0
130,0.0
131,0.0
132,0.0
133,0.0
134,0.0
135,0.0
136,0.0
137,0.0
138,0.0
139,0.0
140,0.0
141,0.0
142,0.0
143,0.0
144,0.0
145,0.0
146,0.0
147,0.0
148,1.0
149,0.0
150,0.0
151,0.0
152,0.5
153,0.0
154,0.2
155,0.3
156,0.1
157,0.1
158,0.0
159,0.0
160,0.002625246116823452
161,0.0
162,0.9
163,0.2
164,0.0
165,0.0
166,0.1
167,0.2
168,0.1
169,0.0
170,0.2
171,0.0
172,0.4
173,0.5
174,0.0
175,0.5
176,0.0
177,0.6
178,0.0
179,0.9
180,0.3
181,0.5
182,0.2
183,0.8
184,0.0
185,0.3
186,0.1
187,0.8
188,0.2
189,0.6
190,0.1
191,0.5
192,0.4
193,0.4
194,0.9
195,1.0
196,0.8
197,0.6
198,1.0
199,0.0
200,0.9
201,0.2
202,0.0
203,0.0
204,0.1
205,0.0
206,0.0
207,0.1
208,0.5
209,0.3
210,0.0
211,1.0
