residue,prediction score
12,0.1
13,0.4
14,0.3
15,0.6
16,0.7
17,0.3
18,0.3
19,0.2
20,0.6
21,0.0
22,0.0
23,0.0
24,0.0
25,0.0
26,0.004193290734824281
27,0.0
28,0.0
29,0.0
30,0.0
31,0.0
32,0.0
33,0.0
34,0.0
35,0.0
36,0.0
37,0.0
38,0.0
39,0.0
40,1.0
41,0.0
42,0.0
43,0.0
44,0.0
45,0.0
46,0.0
47,0.0
48,0.0
49,0.0
50,0.0
51,0.0
52,0.0
53,0.0
54,0.0
55,0.0
56,0.0
57,0.0
58,0.0
59,0.0
60,0.0
61,0.0
62,0.0
63,0.0
64,0.4
65,0.0
66,0.0
67,0.0
68,0.0
69,0.0
70,0.0
71,0.0
72,0.0
73,0.0
74,0.0
75,0.0
76,0.0
77,0.0
78,0.0
79,0.0
80,0.004193290734824281
81,0.04
82,0.0
83,0.004193290734824281
84,0.0
85,0.0
86,0.0
87,0.0
88,0.4
89,0.1
90,0.0
91,0.0
92,0.3
93,0.1
94,0.0
95,0.0
96,0.0
97,0.0
98,0.0
99,1.0
100,0.0
101,0.040816326530612235
102,0.0
103,0.0
104,0.0
105,0.0
106,0.0
107,0.0
108,0.0
109,0.7
110,0.0
111,0.0
112,0.0
113,0.0
114,0.0
115,0.0
116,0.0
117,0.0
118,0.0
119,0.0
120,0.0
121,0.0
122,0.0
123,0.0
124,0.0
125,0.05
126,0.3
127,0.7
128,0.2
129,0.004193290734824281
130,0.4
131,0.1
132,0.0
133,0.0
134,0.0
135,0.0
136,0.3
137,0.0
138,0.1
139,0.0
140,0.2
141,0.2
142,0.5
143,0.0
144,0.4
145,0.7
146,0.6
147,0.1
148,0.0
149,0.0
150,0.0
151,0.1
152,0.1
153,0.0
154,0.0
155,0.0
156,0.0
157,0.0
158,0.0
159,0.0
160,0.0
161,0.0
162,0.040816326530612235
163,0.0
164,0.0
165,0.0
166,0.0
167,0.0
168,0.0
169,0.0
170,0.0
171,0.0
172,0.0
173,0.0
174,0.0
175,0.0
176,0.0
177,0.0
178,0.0
179,0.0
180,0.0
