residue,prediction score
14,0.0
15,0.0
16,0.0
17,0.0
18,0.0
19,0.0
20,0.0
21,0.3
22,0.0
23,0.0
24,0.0
25,0.0
26,0.0
27,1.0
28,0.1
29,0.0
30,0.0
31,0.0
32,0.0
33,0.0
34,0.0
35,0.0
36,0.0
37,0.0
38,0.0
39,0.0
40,0.0
41,0.0
42,0.9
43,0.0
44,0.0
45,1.0
46,0.0
47,0.0
48,0.0
49,0.0
50,0.0
51,0.0
52,0.0
53,0.33333333333333337
54,0.0
55,0.004193290734824281
56,0.0
57,0.0
58,0.0
59,0.0
60,0.0
61,0.2
62,0.1
63,0.0
64,0.1
65,0.2
66,0.7
67,0.0
68,0.1
69,0.0
70,0.0
71,0.0
72,0.0
73,0.0
74,0.0
75,0.1
76,0.0
77,0.0
78,0.4
79,0.0
80,0.0
81,0.0
82,0.0
83,0.0
84,0.0
85,0.0
86,0.2
87,0.0
88,0.0
89,0.2
90,0.0
91,0.6
92,0.1
93,0.4
94,0.4
95,0.6
96,0.8
97,0.4
98,0.1
99,0.1
100,0.2
101,0.1
102,0.0
103,0.3
104,0.1
105,0.0
106,0.0
107,0.2
108,0.0
109,0.1
110,0.0
111,0.0
112,0.0
113,0.0
114,0.6
115,0.0
116,0.1
117,0.0
118,0.1
119,0.3
120,0.5
121,0.0
122,0.0
123,0.7
124,0.3
125,0.6
126,0.5
