residue,prediction score
1,0.1041936239511834
2,0.10620761972405683
3,0.22368629471370344
4,0.24724338335954296
5,0.10620761972405683
6,0.26649139676362593
7,0.2366891123540985
8,0.2559371257581814
9,0.2289073532900935
10,0.22368629471370344
11,0.22368629471370344
12,0.13332561919579694
13,0.1041936239511834
14,0.22368629471370344
15,0.026988149012573598
16,0.1000903861765752
17,0.026988149012573598
18,0.04363028470471469
19,0.026988149012573598
20,0.026988149012573598
21,0.021619016429335725
22,0.021619016429335725
23,0.021619016429335725
24,0.026988149012573598
25,0.021619016429335725
26,0.021619016429335725
27,0.021619016429335725
28,0.021619016429335725
29,0.021619016429335725
30,0.021619016429335725
31,0.04363028470471469
32,0.029142658237838917
33,0.029142658237838917
34,0.029142658237838917
35,0.021619016429335725
36,0.021619016429335725
37,0.021619016429335725
38,0.026988149012573598
39,0.021619016429335725
40,0.021619016429335725
41,0.04363028470471469
42,0.04363028470471469
43,0.1000903861765752
44,0.04363028470471469
45,0.05087373492807809
46,0.021619016429335725
47,0.026988149012573598
48,0.12853277461043372
49,0.02842831695856292
50,0.19242860167692555
51,0.22850175075393936
52,0.22368629471370344
53,0.22368629471370344
54,0.2602462009999381
55,0.0980763904037018
56,0.0980763904037018
57,0.1000903861765752
58,0.1000903861765752
59,0.026988149012573598
60,0.021619016429335725
61,0.03218974772703992
62,0.021619016429335725
63,0.10310166358573496
64,0.021619016429335725
65,0.2602462009999381
66,0.22368629471370344
67,0.021619016429335725
68,0.12853277461043372
69,0.034511790821076783
70,0.026988149012573598
71,0.021619016429335725
72,0.1000903861765752
73,0.05087373492807809
74,0.1041936239511834
75,0.021619016429335725
76,0.021619016429335725
77,0.021619016429335725
78,0.021619016429335725
79,0.021619016429335725
80,0.021619016429335725
81,0.021619016429335725
82,0.021619016429335725
83,0.021619016429335725
84,0.021619016429335725
85,0.029142658237838917
86,0.029142658237838917
87,0.04132109135030397
88,0.03218974772703992
89,0.1278206478903954
90,0.021619016429335725
91,0.26649139676362593
92,0.0980763904037018
93,0.2366891123540985
94,0.26075258179841737
95,0.2366891123540985
