residue,prediction score
39,0.0
40,0.8
41,0.9
42,0.2
43,0.1
44,0.0
45,1.0
46,0.0
47,1.0
48,0.0
49,0.0
50,0.1
51,0.0
52,0.05
53,0.0
54,0.1
55,0.1
56,0.1
57,0.0
58,0.0
59,0.2
60,0.1
61,0.1
62,0.1
63,0.0
64,0.0
65,0.0425531914893617
66,0.0
67,0.9
68,1.0
69,0.0
70,0.0
71,0.0
72,0.0
73,0.0
74,0.0
75,0.0
76,0.0
77,0.0
78,0.6
79,0.0
80,0.0
81,0.8
82,0.0
83,0.0425531914893617
84,0.0
85,0.7
86,0.1
87,0.1
88,0.5
89,0.8
90,0.2
91,0.2
92,0.2
93,0.0
94,0.1
95,1.0
96,0.0
97,0.0
98,0.0
99,0.4
100,0.0
101,0.8
102,0.6
103,0.6
104,0.7
105,0.4
106,0.0
107,0.1
108,0.0
109,0.0
110,0.2
111,0.2
112,0.5
113,0.3
114,0.0
115,0.0
116,0.0
117,0.0
118,0.0
119,0.0
120,0.04347826086956521
121,0.0031746031746031746
122,0.0
123,0.0
124,0.0
125,0.0
126,0.4
127,0.3
128,0.0
129,0.2
130,0.2
131,0.0
132,0.05263157894736842
133,0.0
134,0.0
135,0.3
136,0.0
137,0.0
138,0.4
139,0.4
140,0.0
141,0.04347826086956521
142,0.2
143,0.3
144,0.0
145,0.3
146,0.5
147,0.3
148,0.0
149,0.0
150,0.0
151,0.5
152,0.0
153,0.0
154,0.0
155,0.0
156,0.0
157,0.1
158,0.0
159,0.0
160,1.0
161,0.0
162,0.0
163,0.0
164,0.0
165,0.0
166,0.0
167,0.0
168,0.4
169,0.0
170,0.0
171,0.0031746031746031746
172,0.2
173,0.1
174,0.0
175,0.0
176,0.0
177,0.0
178,0.0
179,0.0
180,0.0
181,0.0
182,0.0
183,1.0
184,0.0
185,0.0
186,0.0
187,0.0
188,0.0
189,0.6
190,0.0
191,0.0
192,0.0
193,0.0
194,0.4
195,0.0031746031746031746
196,0.0
197,0.0
198,0.4
199,0.0
200,0.0425531914893617
201,0.0
202,0.0
203,0.0
204,0.0
205,0.0
206,0.3
207,0.2
208,0.6
209,0.9
210,0.8
211,0.5
212,0.0
213,0.0
214,0.4
215,0.0
216,0.8
217,0.8
218,0.0
219,0.0
220,0.1
221,0.0
222,0.0
223,0.0031746031746031746
224,0.0
225,0.0
226,0.0031746031746031746
227,0.0
228,0.0
229,0.0
230,0.0
231,0.2
232,0.0
233,0.0
234,0.1
