residue,prediction score
1,0.5767388359201081
2,0.7159388695773122
3,0.7293149980518122
4,0.5213663512015909
5,0.06805802036708826
6,0.2990914933240317
7,0.06445838699667039
8,0.6355588757120828
9,0.05170102237359446
10,0.7047214778507459
11,0.1945418001060873
12,0.2281316443940009
13,0.08634675222122845
14,0.4199908026232679
15,0.07255205166618459
16,0.16077394009386387
17,0.038470589464640687
18,0.4449913244366997
19,0.543785069906577
20,0.7595705389114635
21,0.6440880962321689
22,0.858463960239383
23,0.469460933014656
24,0.054551050274121424
25,0.3500104822456445
26,0.02539620296915576
27,0.11245007909103806
28,0.04336212662105458
29,0.13471336996439062
30,0.4107683401631566
31,0.5696154551189242
32,0.3737436314368545
33,0.32620472611862844
34,0.06892633967107431
35,0.3008415867738801
36,0.3328828022796525
37,0.1643879638661663
38,0.5784687477157265
39,0.4564996485781148
40,0.4903990660740599
41,0.24095026057454785
42,0.3855074538075587
43,0.3780845009326267
44,0.0236626381891076
45,0.4412879317795384
46,0.7186973946974247
47,0.6054904992336029
48,0.7874970209362603
49,0.6834322037621752
50,0.4657401899336067
51,0.3654055040027581
