Protein,TP,Annotated_Residues,TPR,FP,Non-Annotated_Residues,FPR
2FD6.H,15,14,1.071429,407,408,0.997549
1FLE.E,12,11,1.090909,218,219,0.995434
3MXW.L,15,14,1.071429,413,414,0.997585
2VXT.H,14,13,1.076923,403,404,0.997525
4FQI.H,12,11,1.090909,403,404,0.997525
