residue,prediction score
1,0.1
2,0.0
3,0.0
4,0.0
5,0.0042202572347266884
6,0.0
7,0.0
8,0.0
9,0.0
10,0.0
11,0.0
12,0.2
13,0.9
14,0.0
15,0.9
16,0.0
17,0.0
18,1.0
19,0.6
20,0.0
21,0.0
22,0.1
23,0.0
24,0.0
25,0.7
26,0.0
27,0.0
28,0.0
29,0.0
30,0.0
31,0.0042202572347266884
32,0.0
33,0.0042202572347266884
34,0.0
35,0.0042202572347266884
36,0.0
37,0.0
38,0.8
39,0.0
40,0.0
41,0.0
42,0.1
43,0.0
44,0.0
45,0.1
46,0.0
47,0.2
48,0.0
49,0.6
50,0.4
51,0.0
52,0.0
53,0.1
54,0.3
55,0.0
56,0.1
57,0.6
58,0.6
59,0.0
60,0.4
61,0.3
62,0.4
63,0.1
64,0.4
65,0.0
66,0.0
67,0.1
68,0.0
69,0.0
70,0.0
71,0.5
72,0.0
73,0.1
74,0.1
75,0.3
76,0.0
77,0.0
78,0.0
79,0.0
80,0.0
81,0.0
82,0.9
83,0.3
84,0.0
85,0.0
86,0.0
87,0.0
88,0.0
89,0.0
90,0.0
91,0.0
92,0.0
93,0.1
94,0.1
95,0.0
96,0.0
97,0.0
98,0.1
99,0.0
100,0.0
101,0.0
102,0.0
103,0.0
104,0.0
105,0.0
106,0.0
107,0.0
108,0.0
109,0.0
110,0.0
111,0.0
112,0.0
113,0.2
114,1.0
115,1.0
116,0.6
117,0.0
118,0.0
119,1.0
120,1.0
121,0.1
122,0.9
123,0.7
124,0.2
125,0.1
126,0.0
