residue,prediction score
1,0.03341558419453965
2,0.13110379230732744
3,0.03341558419453965
4,0.03341558419453965
5,0.03371271279250815
6,0.024684401265713887
7,0.023632247104791847
8,0.023929375702760356
9,0.024684401265713887
10,0.023632247104791847
11,0.023632247104791847
12,0.023632247104791847
13,0.023632247104791847
14,0.024684401265713887
15,0.023632247104791847
16,0.03341558419453965
17,0.02439296003995076
18,0.023632247104791847
19,0.023632247104791847
20,0.03341558419453965
21,0.03341558419453965
22,0.023632247104791847
23,0.05744361533120387
24,0.03341558419453965
25,0.024534393136478573
26,0.09618812197467153
27,0.09046579935729177
28,0.11112639262056308
29,0.09046579935729177
30,0.09646065827812596
31,0.11684871523794282
32,0.0412546148135843
33,0.023632247104791847
34,0.09046579935729177
35,0.11112639262056308
36,0.023632247104791847
37,0.023632247104791847
38,0.09046579935729177
39,0.03925575732017069
40,0.03188605708825572
41,0.023632247104791847
42,0.042784141919868256
43,0.03405295899104248
44,0.023632247104791847
45,0.023632247104791847
46,0.04037133857038163
47,0.04479399783147362
48,0.22539827151625266
49,0.22539827151625266
50,0.14882600953310818
51,0.22473616552253245
52,0.44029966806881016
53,0.023632247104791847
54,0.21669153131057425
55,0.44577090296198224
56,0.3807554814231133
57,0.2428525635472067
58,0.0566373188588311
59,0.111610030181477
60,0.03058800148063384
61,0.023929375702760356
62,0.023929375702760356
63,0.11112639262056308
64,0.023929375702760356
65,0.023632247104791847
66,0.023632247104791847
67,0.023632247104791847
68,0.023632247104791847
69,0.023632247104791847
70,0.023632247104791847
71,0.024981529863682392
72,0.023632247104791847
73,0.024684401265713887
74,0.024981529863682392
75,0.03832176596527747
76,0.023632247104791847
77,0.024981529863682392
78,0.03405295899104248
79,0.03957567454950425
80,0.031640155641555874
81,0.03606281490264784
82,0.024690088637919255
83,0.023929375702760356
84,0.023929375702760356
85,0.023929375702760356
86,0.023929375702760356
87,0.023632247104791847
