residue,prediction score
323,0.0
324,0.0
325,0.0
326,0.0
327,0.0
328,0.0
329,0.0
330,0.0
331,0.0
332,1.0
333,0.0
334,0.0
335,0.0
336,0.0
337,0.0036630036630036634
338,0.0
339,0.0
340,0.0
341,0.0
342,0.0
343,0.0
344,1.0
345,0.0
346,0.0
347,0.0
348,0.0
349,0.0
350,0.0
351,0.0
352,0.0
353,0.0
354,0.0
355,0.0
356,0.1
357,0.0
358,0.5
359,0.0
360,0.1
361,0.0
362,0.0
363,0.0
364,0.0
365,0.0
366,0.1
367,0.0
368,0.0
369,1.0
370,0.0
371,0.0
372,0.0
373,0.0
374,0.0
375,0.0
382,0.0
383,0.0
384,0.0036630036630036634
385,0.0
386,0.0
387,0.0036630036630036634
388,0.0036630036630036634
389,0.0036630036630036634
390,0.0
391,0.0
392,0.0
393,0.0
394,0.0
395,0.0
396,0.0
397,0.0
398,0.0
399,0.0
400,0.0
401,0.1
402,0.0
403,0.0
404,0.0
405,0.05263157894736842
406,0.0
407,0.0
408,0.0
409,0.0036630036630036634
410,0.04545454545454546
411,0.0
412,0.0
413,0.0
414,0.0
415,0.0
416,0.3
417,0.2
418,0.0
419,0.0
420,0.0
421,0.0
422,0.0
423,1.0
424,0.0
425,0.0
426,0.0
427,0.0
428,1.0
429,0.0
430,0.0
431,0.0
432,0.0
433,0.1
434,0.2
435,0.0
436,0.8
437,0.0
438,0.0
439,0.1
440,0.1
441,0.0
442,0.5
443,0.4
444,0.0
445,0.0
446,0.0
447,0.0
448,0.0
449,0.0
450,0.0
451,0.0
452,0.0
453,0.0
454,0.0
455,0.0
456,0.0
457,0.0
458,0.0
459,0.0
460,0.0
461,0.0
462,0.0
463,0.0
464,0.0
465,0.0
466,0.0
467,0.0
468,0.1
469,0.3
470,0.3
471,0.0
472,0.2
473,0.0
474,0.0
475,0.5
476,0.4
477,0.0
478,0.0
479,0.4
480,0.1
481,0.1
482,0.5
483,0.0
484,0.8
485,0.4
486,0.4
487,0.4
488,0.0
489,0.5
490,0.1
491,0.5
492,0.0
493,0.0
494,0.0
495,0.0
496,0.0036630036630036634
497,0.0036630036630036634
498,0.0
499,0.0
500,0.0
501,0.0
502,0.7
