residue,prediction score
8,0.13733769251383324
9,0.10112520488948236
10,0.10102501796867308
11,0.10102501796867308
12,0.10102501796867308
13,0.022759183755377714
14,0.03074245635419887
15,0.03074245635419887
16,0.03074245635419887
17,0.02309754134337609
18,0.10099597286668346
19,0.10099597286668346
20,0.03176793154544797
21,0.022759183755377714
22,0.12485219347713733
23,0.05624280075634346
24,0.10115424999147196
25,0.03074245635419887
26,0.10464080248752143
27,0.11626308875211178
28,0.1162340436501222
29,0.10112520488948236
30,0.10112520488948236
31,0.1046117573855318
32,0.1046117573855318
33,0.22274031679377929
34,0.10112520488948236
35,0.12485219347713733
36,0.12196025298724893
37,0.10099597286668346
38,0.10099597286668346
39,0.10099597286668346
40,0.10099597286668346
41,0.13720846049103438
42,0.4511016461588467
43,0.2427451093665337
44,0.4511016461588467
45,0.2427451093665337
46,0.4511016461588467
47,0.44980049023069824
48,0.2487916923687829
49,0.2637606771807056
50,0.2427451093665337
51,0.22274031679377929
52,0.022759183755377714
53,0.2427451093665337
54,0.022759183755377714
55,0.1162340436501222
56,0.10099597286668346
57,0.03074245635419887
58,0.10099597286668346
59,0.10102501796867308
60,0.03074245635419887
61,0.10099597286668346
62,0.022759183755377714
63,0.022759183755377714
64,0.04792009300504585
65,0.10099597286668346
66,0.10099597286668346
67,0.03319816077715701
68,0.22274031679377929
69,0.10374854461342628
70,0.22274031679377929
