,predus,ispred,dockpred,rfscore,logreg
cv1,0.3939393939393939,0.48484848484848486,0.36363636363636365,0.42424242424242425,0.48484848484848486
cv2,0.49484536082474223,0.5154639175257731,0.6391752577319588,0.41237113402061853,0.5567010309278351
