,predus,ispred,dockpred,rfscore,logreg
cv1,0.34635352843314743,0.46225656828063905,0.3077191818173169,0.38498787504897797,0.46225656828063905
cv2,0.48908793136107126,0.5125585303660423,0.653382124395868,0.39520553534118746,0.5594997283759842
