,predus,ispred,dockpred,rfscore,logreg
cv1,0.3817815665071579,0.5061839624844692,0.3571601347673203,0.4315579768164676,0.619713216811247
cv2,0.4584886755183473,0.40569459178430245,0.6694625993073231,0.43026906080966687,0.6716226831268566
