,predus,ispred,dockpred,rfscore,logreg
cv1,0.7151329042236457,0.8028823185368488,0.819841320786346,0.8731732459702385,0.8597357377701895
cv2,0.6503254887401343,0.7884557558403994,0.8041921265167777,0.8489655053953566,0.8228052895231448
cv3,0.6565736184910808,0.8308112717961434,0.7363912127183889,0.8647563149502627,0.8642920715259759
cv4,0.6901498108254572,0.8003371458259794,0.7638582160418026,0.85989754495692,0.8408080686298394
cv5,0.7686570671726699,0.8168160532903267,0.8828137524180021,0.9132246952022179,0.8918319951799125
