,predus,ispred,dockpred,rfscore,logreg
cv1,0.412483039348711,0.4106739032112166,0.417910447761194,0.4785165083672546,0.4739936680235188
cv2,0.2901263453439401,0.3500233972859148,0.3032288254562471,0.3556387459054749,0.36593355170800185
cv3,0.33290762026394205,0.3891017454235845,0.36185610898254567,0.42571306939123027,0.43252447850149
cv4,0.3302840635532018,0.391911410688493,0.34857968223399133,0.41694752046220507,0.4092441020702937
cv5,0.3701138050470064,0.3404255319148936,0.4027709054923306,0.4334487877288471,0.40475012370113805
