,predus,ispred,dockpred,rfscore,logreg
cv1,0.3459655017361036,0.3439276441379256,0.3520790745306376,0.4203473040696008,0.4152526600741558
cv2,0.23072703069621228,0.2977793919365096,0.24539473471752732,0.3040655508027875,0.3155901753909636
cv3,0.26533454415986085,0.32788236674490295,0.29755614973397343,0.3686332208533395,0.3762147751060718
cv4,0.27471427478719546,0.34486045074822724,0.29553892077562677,0.37335733473239635,0.36458906273726743
cv5,0.3543207840311493,0.32007330329826017,0.39199301283732735,0.4273820762613128,0.39427617821952
