residue,prediction score
13,0.14194814846217024
14,0.13779638649430026
15,0.07017543177895648
16,0.11212858631649064
17,0.05843739152669882
18,0.2305028278267537
19,0.3949922257457649
20,0.5101513943917061
21,0.2026012626076248
22,0.5480759266274879
23,0.13782662361530573
24,0.023746963238118958
25,0.1654450948098029
26,0.09928091010714477
27,0.14720896263332786
28,0.20229381248525066
29,0.1191460673383821
30,0.7170239396070396
31,0.4553794376360717
32,0.8161003018816679
33,0.023291167636760014
34,0.26868762863290024
35,0.06144558587261069
36,0.06669666670482302
37,0.06288297571618726
38,0.03491655362870175
39,0.1273490073697546
40,0.179430334583041
41,0.09573989565890484
42,0.3853036473130902
43,0.30733588221637725
44,0.0595381724851553
45,0.2508046921377744
46,0.07710190361251025
47,0.08135753871441105
48,0.07437502237501507
49,0.06998646216689279
50,0.15251584524456366
51,0.2046431742348586
52,0.08299612897999736
53,0.056353493493298865
54,0.042999783537009874
73,0.0808986048112481
74,0.1610544800569038
75,0.05420465606230928
76,0.02910965609125586
77,0.1050574661636282
78,0.034719333443306355
79,0.09048803616518797
80,0.05546176059013702
81,0.052098563802315735
82,0.036610721230115086
83,0.04782537490679137
84,0.025608178238108632
85,0.025744508962904363
86,0.026682597700691986
87,0.027330552913306574
88,0.03005542294595365
89,0.12125449293272435
90,0.8228776082581299
91,0.7382312290588334
92,0.6088372954486652
93,0.5323556951317387
94,0.2572602935305217
95,0.30062123849298084
96,0.06616196704482144
97,0.04458540137104382
98,0.050985726318626884
99,0.09049462998935184
100,0.08247802286476355
101,0.25271806848367545
102,0.1339016817921337
103,0.09205400945296664
104,0.2688499970545762
105,0.029418140861067275
106,0.03472552869186483
107,0.109307121105083
108,0.04669512693716864
109,0.04401452854061419
110,0.04052988203171265
111,0.03852199357034757
112,0.030014743193126893
