residue,prediction score
1,0.6
2,0.9
3,0.0
4,1.0
5,0.0
6,1.0
7,0.0
8,0.0
9,1.0
10,0.3
11,0.1
12,0.7
13,0.0
14,0.3
16,0.0
17,0.6
18,0.0
19,0.1
20,1.0
21,0.9
22,0.0
23,0.1
24,0.0
25,0.0
26,0.0
27,0.0
28,0.0
29,0.4
30,0.7
31,0.6
32,0.0
33,0.3
34,1.0
35,0.0
36,0.0
37,0.0
38,0.0
39,0.0
40,0.0
41,0.0
42,0.02127659574468085
43,1.0
44,0.0
45,0.0
46,0.0
47,0.0
48,0.0
49,0.0
50,0.0
51,0.0
52,0.0
53,0.2
54,0.0
55,0.0
56,0.0
59,0.3
61,1.0
67,0.9
68,0.0
69,0.0
70,0.0
71,0.0
72,0.0
73,0.0
74,0.0
75,0.0
76,0.2
77,0.0
78,0.0
79,0.0
80,0.0
81,0.0
82,0.0
83,0.0
84,0.0
85,0.0
86,0.0
88,0.0
89,0.0
90,0.0
91,0.0
92,0.0
93,0.0
94,0.0
95,0.0
96,0.004193290734824281
97,0.0
98,0.0
99,0.0
100,0.0
101,0.0
102,0.0
103,0.0
104,0.0
105,0.0
106,0.0
107,0.7
108,0.4
109,0.0
110,0.2
111,0.1
112,0.1
113,0.5
114,0.5
115,0.1
116,0.3
117,0.1
118,0.7
119,0.7
120,0.0
121,0.1
122,0.4
124,0.4
125,0.1
126,1.0
127,0.5
128,0.0
129,0.2
130,0.0
131,0.2
132,0.0
133,1.0
