residue,prediction score
403,0.0
404,0.1
405,0.0
406,0.8
407,0.3
408,0.1
409,0.0
410,0.0
411,0.3
412,0.0
413,0.0
414,0.0
415,0.7
416,0.0
417,0.0
418,0.0
419,0.0
420,0.0
421,0.1
422,0.3
423,0.5
424,0.0
425,0.2
426,0.0
427,0.0
428,0.0
429,0.0
430,0.0
431,0.0
432,0.0
433,0.4
434,0.0
435,0.0
436,0.0
437,0.1
438,0.0
439,0.0
440,0.0
441,0.0
442,1.0
443,1.0
444,1.0
445,0.0
446,0.0
447,0.0
448,0.0
449,0.0
450,0.1
451,0.1
452,0.1
453,0.1
454,0.0
455,0.8
456,0.0
457,0.0
458,0.4
459,0.0
460,0.2
461,0.0
462,0.0
463,0.1
464,0.0
465,0.1
466,0.0
467,0.0
468,0.004193290734824281
469,0.0
470,0.0
471,0.0
472,0.2
473,0.0
474,0.0
475,1.0
476,0.0
477,0.0
478,0.0
479,0.0
480,0.0
481,0.0
482,0.0
483,0.0
484,0.0
485,0.0
486,0.0
487,0.1
488,0.3
489,0.0
490,0.0
491,0.5
492,0.0
493,0.2
494,0.6
495,0.0
496,0.0
497,0.2
498,0.0
499,0.0
500,0.1
501,0.1
502,0.0
503,0.0
504,0.0
505,0.0
506,0.0
507,0.0
508,0.0
509,0.0
510,0.004193290734824281
511,0.004193290734824281
512,0.0
513,0.0
514,0.0
515,0.0
516,0.0
517,0.0
518,0.0
519,0.0
520,0.0
521,0.0
522,0.0
523,0.0
524,0.8
525,0.1
526,0.0
527,0.4
528,0.4
529,0.0
530,0.8
531,0.0
532,0.0
533,0.1
534,0.0
535,0.0
536,0.0
537,0.0
538,0.0
539,0.0
540,0.3
541,0.1
542,0.0
543,0.0
544,0.0
545,0.0
546,0.5
547,0.0
548,0.0
549,0.0
550,0.1
551,0.0
552,0.0
553,0.0
554,0.0
555,0.0
556,0.0
557,0.0
558,0.035714285714285705
559,0.004193290734824281
560,0.0
561,0.0
562,0.1
563,0.0
564,0.3
565,0.0
566,0.0
567,0.2
568,0.2
569,0.1
570,0.1
571,0.2
572,0.2
573,0.0
574,0.33333333333333337
575,0.0
576,0.0
577,0.0
578,0.1
579,0.0
580,0.4
581,0.0
582,0.5
583,0.0
584,0.0
585,0.0
586,0.0
587,0.0
