residue,prediction score
1,1.0
2,0.0
3,0.0
4,0.0
5,0.0
6,0.0
7,0.0
8,0.0
9,0.0
10,0.0
11,0.0
12,0.0
13,0.0
14,0.0
15,0.0
16,0.0
17,0.0
18,0.0
19,0.0
20,0.0
21,0.0
22,0.0
23,0.0
24,0.0
25,0.0
26,0.0
27,0.0
28,0.1
29,0.0
30,0.2
31,0.0
32,1.0
33,0.0
34,0.0046701692936368935
35,0.0046701692936368935
36,0.0
37,0.0
38,0.0
39,0.1
40,0.0
41,0.0
42,0.0
43,0.0
44,1.0
45,0.0
46,0.0
47,0.0
48,0.0
49,0.2
50,0.3
51,0.0
52,0.2
53,0.1
54,0.0
55,0.0
56,0.0
57,0.0
58,0.0
59,0.0
60,0.0
61,0.0
62,0.0
63,0.0
64,0.0
65,0.0
66,0.1
67,0.0
68,0.0
69,0.0
70,0.0
71,0.0
72,0.0
73,0.0
74,0.0
75,0.0
76,0.0
77,0.0
78,0.0
79,0.0
80,0.0
81,0.0
82,0.0
83,0.0
84,0.0
85,0.0
86,0.0046701692936368935
87,0.5
88,0.0046701692936368935
89,0.0046701692936368935
90,0.0
91,0.0
92,0.7
93,0.7
94,0.1
95,0.0
96,0.0
97,0.0
98,0.0
99,0.0
100,0.0
101,0.0
102,0.0
103,0.0
104,0.0
105,0.0
106,1.0
107,0.1
501,0.0
502,0.5
503,0.0
504,0.0
505,0.0
506,0.0
507,0.9
508,0.0
509,0.0
510,0.0
511,0.0
512,0.33333333333333337
513,0.0
514,1.0
515,0.0
516,0.0
517,0.0
518,0.33333333333333337
519,0.0
520,0.0
521,0.0
522,0.0046701692936368935
523,0.0
524,0.0
525,0.0
526,0.0
527,0.0
528,0.0
529,0.0
530,0.5
531,0.1
532,0.3
533,0.0
534,0.0046701692936368935
535,0.0046701692936368935
536,0.0046701692936368935
537,0.0046701692936368935
538,0.0
539,0.0
540,0.0
541,0.0
542,0.0
543,0.0
544,0.0
545,0.0
546,0.0
547,0.0
548,0.0046701692936368935
549,0.0046701692936368935
550,0.0
551,0.0
552,0.2
553,0.1
554,0.6
555,0.1
556,0.5
557,0.0
558,0.0
559,0.1
560,0.7
561,0.0
562,0.0
563,0.0
564,0.0
565,0.0
566,1.0
567,0.0
568,0.0
569,0.0
570,0.0
571,0.0
572,0.0
573,0.1
574,0.0
575,0.0
576,0.0
577,0.0
578,0.0
579,0.0
580,0.037974683544303785
581,0.0
582,0.0
583,0.0
584,0.0
585,0.0
586,0.0
587,0.03333333333333333
588,0.0
589,0.0
590,0.0
591,0.0
592,1.0
593,0.0
594,0.0
595,0.0046701692936368935
596,0.0
597,0.0
598,0.0
599,0.2
600,0.8
601,0.6
602,0.3
603,0.0
604,0.1
605,0.0
606,0.2
607,0.0
608,0.3
609,0.0
610,0.0
611,0.0
612,0.0
613,0.0
614,0.0
615,0.0
616,0.0
