residue,prediction score
41,0.5
42,0.2
43,0.4
44,0.0
45,0.0
46,0.0
47,0.0
48,0.0046701692936368935
49,0.0046701692936368935
50,0.0046701692936368935
51,0.0
52,0.0
53,0.6
54,0.0
55,0.0
56,0.0
57,0.8
58,0.0
59,0.0
60,0.5
61,0.0
62,0.0
63,0.0
64,0.1
65,0.0
66,0.0046701692936368935
67,0.2
68,0.1
69,0.0
70,0.33333333333333337
71,0.0
72,0.0
73,1.0
74,0.0
75,0.3
76,0.1
77,0.6
78,0.0
79,0.0
80,0.0
81,0.0
82,0.0
83,0.0046701692936368935
84,0.0
85,0.0
86,0.0
87,0.3
88,0.4
89,0.0
90,0.0
91,0.1
92,0.0
93,0.0
94,0.0
95,0.1
96,0.0
97,0.0
98,0.0
99,0.0
100,0.0
101,0.0
102,0.0
103,0.0
104,0.1
105,0.0
106,0.0
107,0.0
108,0.0
109,0.0
110,0.0
111,0.1
112,0.0
113,0.1
114,0.0
115,0.1
116,0.0
117,0.4
118,0.0
119,0.0
120,0.0
121,0.3
122,0.2
123,0.0
124,0.0046701692936368935
125,0.5
126,0.3
127,0.0046701692936368935
128,0.0
129,0.6
130,0.0
131,0.0
132,0.0
133,0.0
134,0.0
135,0.0
136,0.0
137,0.1
138,0.3
139,0.0
140,0.5
141,0.0
142,0.0
143,0.0
144,0.0
145,0.0046701692936368935
146,0.0
147,0.0046701692936368935
148,0.0
149,0.0
150,0.0
151,0.0
152,0.3
153,0.7
154,1.0
155,0.0
156,0.0
157,0.4
158,0.6
159,0.0
160,0.0
161,1.0
162,0.0
163,0.0
164,0.6
165,0.1
166,0.0
167,0.0
168,0.0
169,0.1
170,0.0
171,0.0
172,0.0
173,0.0
174,0.0
175,0.0
176,0.0
177,0.0
178,0.0
179,0.1
180,0.0
181,0.0
182,0.0
183,0.0
184,0.0
185,0.0
186,0.0
187,0.0
188,0.0
189,0.0
190,0.0
191,0.0
192,0.0
193,0.0
194,0.0
195,0.1
196,0.0
197,0.0
198,0.0
199,0.0
200,0.0
201,0.0
202,0.0
203,0.0
204,0.1
205,0.0
206,0.0
207,0.1
208,0.2
209,0.1
210,0.2
