residue,prediction score
87,0.0
88,0.0
89,0.0
90,0.0
91,0.0
92,0.0
93,0.0
94,0.0
95,0.0
96,0.0
97,0.0
98,0.0
99,0.0
100,0.0
101,0.0
102,0.0
103,0.0
104,0.0
105,0.6
106,0.6
107,0.5
108,0.0
109,0.1
110,0.0
111,0.0
112,0.0
113,0.0
114,0.0
115,0.0
116,0.0
117,0.0
118,0.0
119,0.0
120,0.0
121,0.0
122,0.0
123,0.0
124,0.0
125,0.0
126,0.0
127,0.0046701692936368935
128,0.0
129,0.9
130,0.0
131,0.0
132,0.1
133,0.1
134,0.6
135,0.1
136,0.0
137,0.0
138,0.1
139,0.0
140,0.0
141,0.0
142,0.0
143,0.0
144,0.0
145,0.0
146,0.0
147,0.0
148,0.0
149,0.0
150,0.0
151,0.0
152,0.0
153,0.0
154,0.0
155,0.9
156,0.0
157,0.0
158,0.0
159,0.0
160,0.0
161,0.0
162,0.0
163,0.0
164,0.0
165,0.0046701692936368935
166,0.0046701692936368935
167,0.0
168,0.0
169,0.0046701692936368935
170,0.0
171,0.0
172,0.0
173,0.0
174,0.0
175,0.0
176,0.3
177,0.2
178,0.0
179,0.0
180,0.0
181,0.0
182,0.0
183,0.0
184,0.0
185,0.0
186,0.2
187,0.0
188,0.0
189,0.0
190,0.0
191,0.0
192,0.0046701692936368935
193,0.0
194,0.0
195,0.0
196,0.0
197,0.0
198,0.0
199,0.0
200,0.0
201,0.0
202,0.0
203,0.0
204,0.0
205,0.0
206,0.0
207,0.0
208,0.0046701692936368935
209,0.0
210,0.7
211,0.0
212,0.0046701692936368935
213,1.0
214,1.0
215,0.0
216,0.0
217,0.0
218,1.0
219,0.0
220,0.0
221,0.0
222,0.0
223,0.0
224,0.0
225,0.0
226,0.0
227,0.0
228,0.0
229,0.0
230,0.0
231,0.0
232,0.0
233,0.0
234,0.0
235,0.0046701692936368935
236,0.0
237,0.9
238,0.0
239,0.0
240,0.0
241,0.0
242,0.0
243,0.0
244,0.0
245,0.6
246,0.0
247,0.0
248,0.0
249,0.0
250,0.0
251,0.0
252,0.2
253,0.0
254,0.0046701692936368935
255,0.0
256,0.0
257,0.0
258,1.0
259,0.0
260,0.0
261,0.0
262,0.0
263,0.0
264,0.0
265,1.0
266,0.0
267,0.0
268,0.0
269,0.0
270,0.0
271,0.0
272,0.0
273,0.0
274,0.0
275,0.0
276,0.0
277,0.0046701692936368935
278,0.0
279,0.0
280,0.0
281,0.0
282,0.0
283,0.0
284,0.0
285,0.1
286,0.8
287,0.3
288,0.0
289,0.0
290,0.1
291,0.3
292,0.0046701692936368935
293,0.0
294,0.0
295,0.0
296,0.0046701692936368935
297,0.0
298,0.0
299,0.0
300,0.0
301,0.0
302,0.0
303,0.0
304,0.0
305,0.4
306,0.0
307,0.0
308,0.3
309,0.0
310,0.0
311,0.0
312,0.0
313,0.0
314,0.0
315,0.0
316,0.0
317,0.0
318,0.0
319,0.0
320,0.0
321,0.0
322,0.0
323,0.0
324,0.0
325,0.0
326,0.1
327,0.2
328,0.0
329,0.5
330,0.2
331,0.1
332,0.4
333,0.4
334,0.3
335,0.1
336,0.8
337,0.0
338,0.2
339,0.1
340,0.0
341,0.0
342,0.6
343,0.3
344,0.0
345,0.0
346,0.0
347,0.0
348,0.0
349,0.0
350,1.0
