residue,prediction score
148,0.1
149,0.8
150,0.0
151,0.0
152,0.0
153,0.0
154,0.0
155,0.0
156,0.0
157,0.0
158,0.0
159,0.0031746031746031746
160,0.0
161,0.0
162,0.0031746031746031746
163,0.0
164,0.5
165,0.0
166,0.8
167,0.7
168,0.4
169,0.2
170,0.1
171,0.0
172,0.0
173,0.0
174,0.0
175,0.0
176,0.0
177,0.9
178,0.0
179,0.6
180,0.0
181,0.0
182,0.0
183,0.0
184,0.0
185,0.0
186,0.0
187,0.0
188,0.0
189,0.0
190,0.0031746031746031746
191,0.0
192,0.0
193,0.0
194,0.0
195,0.0
196,0.0
197,0.25
198,0.03333333333333333
199,0.0
200,0.0
201,0.4
202,0.1
203,0.0
204,0.0
205,0.0
206,0.0
207,0.0
208,0.0
209,0.0
210,0.0031746031746031746
211,1.0
212,0.0
213,0.0
214,0.0
215,0.0
216,0.0
217,0.0
218,1.0
219,0.25
220,0.0
221,0.6
222,0.6
223,0.0
224,0.0
225,0.0
226,0.0
227,0.0
228,0.0
229,0.0
230,0.0
231,0.0
232,0.0
233,0.0
234,0.0
235,0.0
236,0.0
237,0.0
238,0.0
239,0.0
240,0.9
241,0.0
242,0.2
243,0.0
244,0.0
245,0.1
246,0.0
247,0.0
248,0.0
249,0.0
250,0.0
251,0.5
252,0.1
253,0.0
254,0.0
255,0.9
256,0.0
257,0.0
258,0.0
259,1.0
260,0.0
261,0.0
262,0.0
263,0.0
264,0.0
265,0.0
266,0.0
267,0.0
268,0.0
269,0.0
270,0.0
271,0.0
272,0.0
273,0.0
274,0.1
275,0.5
276,0.0
277,0.2
278,0.5
279,0.2
280,0.0
281,0.0
282,0.0
283,0.1
284,0.0
285,0.0
286,0.0
287,0.0
288,0.0
289,0.0
290,0.0
291,0.0
292,0.0
293,0.0
294,0.0
295,0.0
296,0.0
297,0.0
298,0.0
299,0.0
300,0.0
301,0.0
302,0.0
303,0.0
304,0.0
305,0.0
306,0.0
307,0.0
308,0.0
316,0.0
317,0.5
318,0.1
319,0.3
320,0.1
321,0.0
322,0.0
323,0.0
324,0.1
325,0.4
326,0.0
327,0.0
328,0.3
329,0.0
330,0.1
331,0.5
332,0.0
333,0.2
334,0.0
335,0.1
336,0.0
337,0.0
338,0.0
339,0.0
340,1.0
341,0.4
342,0.0
343,0.1
344,0.0
345,0.0
346,0.0
347,1.0
