residue,prediction score
380,0.0
381,0.0
382,1.0
383,0.2
384,0.4
385,0.0
386,0.0
387,0.6
388,0.3
389,0.0
390,0.3
391,0.0
392,0.1
393,0.0
394,0.0
395,0.0
396,0.0
397,0.0
398,0.0
399,0.0
400,0.002587991718426501
401,0.0
402,0.0
403,0.0
404,0.0
405,0.0
406,0.1
407,0.0
408,0.0
409,0.0
410,0.0
411,0.0
412,0.0
413,0.0
414,0.0
415,0.0
416,0.0
417,0.0
418,0.0
419,0.0
420,0.3
421,0.0
422,0.0
423,0.0
424,0.0
425,0.4
426,0.0
427,0.2
428,0.2
429,0.0
430,0.0
431,0.0
432,0.0
433,0.0
434,0.1
435,0.0
436,0.1
437,0.2
438,0.2
439,0.2
440,0.3
441,0.3
442,0.0
443,0.7
444,0.0
445,0.1
446,0.0
447,0.2
448,0.0
449,0.002587991718426501
450,0.0
451,0.5
452,0.0
453,0.002587991718426501
454,0.0
455,0.0
456,0.0
457,0.0
458,0.0
459,0.0
460,0.0
461,0.0
462,0.0
463,0.0
464,0.0
472,0.1
473,0.2
474,0.0
475,0.0
476,0.0
477,0.0
478,0.0
479,0.0
480,0.0
481,0.0
482,0.0
483,0.0
484,0.0
485,0.0
486,0.0
487,0.002587991718426501
488,0.002587991718426501
489,0.002587991718426501
490,0.002587991718426501
491,0.0
492,0.0
493,0.0
494,0.0
495,0.1
496,0.1
497,0.1
498,0.7
499,0.2
514,0.2
515,0.1
516,0.1
517,0.0
518,0.0
519,0.0
520,0.0
521,0.0
522,0.0
523,0.0
524,0.0
525,0.0
526,0.6
527,0.0
528,0.0
529,0.1
530,0.0
531,0.0
532,0.0
533,0.0
534,0.2
535,0.0
536,0.0
537,0.0
538,0.0
539,0.0
540,0.0
541,0.0
542,0.0
543,0.0
544,0.1
545,0.0
546,0.0
547,0.0
548,0.0
549,0.1
550,0.0
551,0.0
552,0.0
553,0.0
554,0.5
555,0.5
556,0.3
557,0.0
558,1.0
559,0.2
560,0.2
561,0.1
562,0.0
563,0.7
564,0.2
565,0.1
566,0.3
567,0.0
568,0.0
569,0.6
570,1.0
571,0.1
572,0.5
573,0.6
574,0.1
575,0.6
576,0.9
577,0.4
