residue,prediction score
3,0.0
4,0.0
5,0.0
6,0.0
7,0.0
8,0.0
9,0.002587991718426501
10,0.002587991718426501
11,0.002587991718426501
12,0.0
13,0.0
14,0.0
15,0.2
16,0.9
17,0.7
18,0.5
19,0.0
20,0.0
21,0.0
22,0.0
23,0.0
24,0.0
25,0.1
26,0.0
27,0.0
28,0.0
29,0.4
30,0.0
31,0.8
32,0.0
33,0.1
34,0.3
35,0.0
36,0.5
37,0.0
38,0.0
39,0.0
40,0.0
41,0.0
42,0.0
43,0.0
44,0.0
45,0.0
46,0.0
47,0.0
48,0.0
49,0.0
50,0.0
51,0.0
52,0.0
53,0.2
54,0.0
55,0.0
56,0.0
57,0.0
58,0.0
59,0.0
60,0.0
61,0.0
62,0.0
63,0.0
64,0.0
65,0.0
66,0.0
67,0.0
68,0.0
69,0.0
70,0.002587991718426501
71,0.002587991718426501
72,0.002587991718426501
73,0.0
74,0.0
75,0.0
76,0.0
77,0.0
78,0.0
79,0.0
80,0.1
81,0.4
82,0.0
83,0.6
84,0.3
85,0.0
86,0.6
87,0.9
88,0.0
89,0.3
90,0.0
91,0.1
92,0.0
93,0.0
94,0.0
95,0.0
96,0.0
97,0.0
98,0.0
99,0.002587991718426501
100,0.0
101,0.0
102,0.0
103,0.0
104,0.0
105,0.0
106,0.0
107,0.0
108,0.002587991718426501
109,0.002587991718426501
110,0.002587991718426501
111,0.0
112,0.0
113,0.0
114,0.0
115,0.0
116,0.0
117,0.0
118,0.9
119,0.2
120,0.0
121,0.0
122,0.4
123,0.2
124,0.0
125,0.2
126,0.1
127,0.1
128,0.0
129,0.9
130,0.0
131,0.0
132,0.0
133,0.0
134,0.0
135,0.0
136,0.0
137,0.0
138,0.0
139,0.0
140,0.0
141,0.0
142,0.0
143,0.0
144,0.0
145,0.002587991718426501
146,0.002587991718426501
147,0.0
148,0.3
149,0.4
150,0.0
151,0.0
152,0.4
153,0.0
154,0.0
155,0.002587991718426501
156,0.0
157,0.0
158,0.0
159,0.0
160,0.0
161,0.0
162,0.0
163,0.0
164,0.0
165,0.0
166,0.0
167,0.0
168,0.0
169,0.0
170,0.0
171,0.0
172,0.3
173,0.0
174,0.0
175,0.0
176,0.0
177,0.0
178,0.2
179,0.0
180,0.0
181,0.7
182,0.0
183,0.0
184,0.002587991718426501
185,0.2
186,0.1
187,0.0
188,0.0
189,0.0
190,0.0
191,0.0
192,0.1
193,0.0
194,0.3
195,0.1
196,0.1
197,0.2
198,0.3
199,0.2
200,0.0
201,0.2
202,0.1
203,0.2
204,0.7
205,0.0
206,0.3
207,0.0
208,0.0
209,0.0
210,0.0
211,0.0
212,0.0
213,0.0
214,0.0
215,0.4
216,0.2
217,0.2
218,0.0
219,0.0
220,0.2
221,0.0
222,0.6
223,0.3
224,0.0
225,0.0
226,0.0
227,0.0
228,0.0
229,0.0
230,0.1
231,0.0
232,0.3
233,0.4
234,0.2
235,0.6
236,0.2
237,0.0
238,0.0
239,0.6
240,0.0
241,0.0
242,0.0
243,0.1
244,0.8
245,0.2
246,0.0
247,0.4
248,0.0
249,0.3
250,0.0
251,0.0
252,0.0
253,0.0
254,0.0
255,0.7
256,0.0
257,0.1
258,0.5
259,0.0
260,0.2
261,0.2
262,0.7
263,0.3
264,0.2
