residue,prediction score
2,0.0
3,0.2
4,0.4
5,0.7
6,0.2
7,0.4
8,0.0
9,0.0
10,0.8
11,0.0
12,0.0
13,0.0
14,0.2
15,0.2
16,0.0
17,0.0
18,0.0
19,0.1
20,0.0
21,0.0
22,0.0
23,0.1
24,0.0
25,0.0
26,0.0
27,0.0
28,0.0
29,0.002587991718426501
30,0.0
31,0.0
32,0.0
33,0.0
34,0.0
35,0.0
36,0.0
37,0.1
38,0.0
39,0.0
40,0.0
41,0.0
42,0.0
43,0.0
44,0.0
45,0.9
46,0.0
47,0.3
48,0.7
49,0.2
50,0.0
51,0.7
52,0.2
53,0.0
54,0.0
55,0.0
56,0.0
57,0.0
58,0.1
59,0.0
60,0.2
61,0.3
62,0.0
63,0.1
64,0.0
65,0.0
66,0.0
67,0.0
68,0.0
69,0.0
70,0.0
71,0.0
72,0.0
73,0.0
74,0.0
75,0.0
76,0.0
77,0.1
78,0.0
79,0.0
80,0.0
81,0.0
82,0.0
83,0.0
84,0.0
85,0.0
86,0.5
87,0.0
88,0.9
89,0.3
90,0.6
91,0.0
92,0.3
93,0.7
94,0.7
95,0.0
96,0.0
97,0.002587991718426501
98,0.0
99,0.0
100,0.6
101,0.3
102,0.5
103,0.1
104,0.0
105,0.0
106,0.0
107,0.1
108,0.0
109,0.6
110,0.5
111,0.3
112,0.7
113,0.0
114,0.0
115,0.0
116,0.2
117,0.0
118,0.0
119,0.0
120,0.0
121,0.1
122,0.0
123,0.2
124,0.0
