residue,prediction score
1,0.0
2,0.0
3,1.0
4,0.2
5,0.0
6,0.1
7,0.2
8,0.0
9,0.33333333333333337
10,0.3
11,0.0
12,0.0
13,0.0
14,0.4
16,0.5
17,0.6
18,0.0
19,0.1
20,1.0
21,0.1
22,0.0
23,0.2
24,0.1
25,0.0
26,0.0
27,0.0
28,0.0
29,0.5
30,0.3
31,0.4
32,0.0
33,0.2
34,0.8
35,0.0
36,0.0
37,0.0
38,0.0
39,0.0
40,0.0
41,0.0
42,0.0
43,0.0
44,0.0
45,0.0
46,0.0
47,0.0
48,0.0
49,0.0
50,0.0
51,0.0
52,0.0
53,0.2
54,0.0
55,0.0
56,1.0
59,0.2
61,1.0
67,0.9
68,0.0
69,0.0
70,1.0
71,0.0
72,0.0
73,0.0
74,0.0
75,0.0
76,0.0
77,0.0
78,0.7
79,0.0
80,0.1
81,0.2
82,0.0
83,0.0
84,0.0
85,0.0
86,0.0
88,0.7
89,0.0
90,0.0
91,0.0
92,0.0
93,0.0
94,0.0
95,0.0
96,0.002587991718426501
97,0.0
98,0.0
99,0.0
100,0.0
101,0.0
102,0.0
103,0.0
104,0.0
105,0.0
106,0.0
107,0.4
108,0.6
109,0.0
110,0.2
111,0.2
112,0.3
113,0.6
114,0.6
115,0.5
116,0.6
117,0.0
118,1.0
119,1.0
120,0.4
121,0.1
122,0.3
124,0.8
125,0.4
126,1.0
127,0.2
128,0.4
129,0.2
130,0.1
131,0.2
132,0.0
133,0.9
