Protein,TP,Predicted_Residues,Annotated_Residues,Precision,Recall
2SIC.E,17,275,17,0.061818,1
2A5T.A,10,271,10,0.0369,1
1DFJ.I,18,456,18,0.039474,1
2BTF.A,18,373,18,0.048257,1
1KLU.D,11,230,11,0.047826,1
4JCV.E,11,214,11,0.051402,1
4G6M.H,14,433,14,0.032333,1
3R9A.B,17,289,17,0.058824,1
2B42.B,21,184,21,0.11413,1
