residue,prediction score
2,0.0
3,0.1
4,0.0
5,0.2
6,0.2
7,0.0
8,0.0
9,0.0
10,0.0043006348556215435
11,0.05128205128205128
12,1.0
13,0.0
14,1.0
15,0.6
16,0.9
17,0.3
18,0.0
19,0.2
20,0.5
21,0.0
22,0.0
23,0.0
24,0.0
25,0.0
26,0.0
27,0.0
28,0.0
29,0.0
30,0.0
31,0.0
32,0.0
33,0.0
34,0.0
35,0.0
36,0.0
37,0.0
38,0.0
39,0.05263157894736842
40,0.9
41,0.0
42,0.0043006348556215435
43,0.0
44,0.0
45,0.0
46,0.0
47,0.0
48,0.0
49,0.0
50,0.0
51,0.0
52,0.0
53,0.0
54,0.03125
55,0.0043006348556215435
56,0.0043006348556215435
57,0.0
58,0.0
59,0.2
60,0.0
61,0.5
62,0.0
63,0.0
64,0.1
65,0.0
66,0.0
67,0.0
68,0.0
69,0.0
70,0.0
71,0.0
72,0.0
73,0.0
74,0.0
75,0.0
76,0.0
77,0.0
78,0.0
79,0.0
80,0.9
81,0.0
82,0.0
83,0.0
84,0.0
85,0.0
86,0.0
87,0.0
88,0.4
89,0.1
90,0.0
91,0.0
92,0.9
93,0.0
94,0.0
95,0.4
96,0.3
97,0.1
98,0.0
99,0.1
100,0.1
101,0.0
102,0.0
103,0.0
104,0.1
105,0.0
106,0.2
107,0.0
108,0.6
109,0.1
110,0.5
111,0.05
112,0.1
113,0.0
114,0.0
115,0.0
116,0.0
117,0.0
118,0.0
119,0.0
120,0.0
121,0.0
122,0.0
123,0.0
124,0.0
125,0.3
126,0.0
127,0.1
128,0.0
129,0.5
