residue,prediction score
75,0.14908260012512214
76,0.12998578242172082
77,0.24774976415802225
78,0.13369140165668114
79,0.12020081089581873
80,0.18356928175821696
81,0.021619016429335725
82,0.021619016429335725
83,0.021619016429335725
84,0.021619016429335725
85,0.021619016429335725
86,0.021619016429335725
87,0.029142658237838917
88,0.2223584705575817
89,0.2714890997434541
90,0.27758779355846114
91,0.04132109135030397
92,0.10721094559123208
93,0.10965613466040128
94,0.3183202833634924
95,0.34566019703681683
96,0.2680066773740419
97,0.3258559970913089
98,0.021619016429335725
99,0.021619016429335725
100,0.030080979083257124
101,0.2542323723252702
102,0.12020081089581873
103,0.04132109135030397
104,0.25057174364264656
105,0.03545011166649499
106,0.021619016429335725
107,0.16192575096474307
108,0.021619016429335725
109,0.3634009233395827
110,0.3441829125311646
111,0.3453131372355739
112,0.4054429648545697
113,0.1284678034144438
114,0.03545011166649499
115,0.3321117362550677
116,0.021619016429335725
117,0.021619016429335725
118,0.11995060488050854
119,0.030080979083257124
120,0.14451183696358846
121,0.3216372730455304
122,0.04896992375451677
123,0.09825297351305842
124,0.3630205824077886
125,0.35027867032064913
126,0.1000903861765752
127,0.0980763904037018
128,0.021619016429335725
129,0.021619016429335725
130,0.021619016429335725
131,0.021619016429335725
132,0.021619016429335725
133,0.029142658237838917
134,0.021619016429335725
135,0.021619016429335725
136,0.021619016429335725
137,0.021619016429335725
138,0.021619016429335725
139,0.021619016429335725
140,0.021619016429335725
141,0.030080979083257124
142,0.2164322213877949
143,0.20858416550880995
144,0.1049987607774337
145,0.021619016429335725
146,0.2223584705575817
147,0.14451183696358846
148,0.021619016429335725
149,0.021939995358145302
150,0.034511790821076783
151,0.021619016429335725
152,0.021619016429335725
153,0.021619016429335725
154,0.021619016429335725
155,0.021619016429335725
156,0.021619016429335725
157,0.021619016429335725
158,0.021619016429335725
159,0.021619016429335725
160,0.021619016429335725
161,0.13369140165668114
162,0.4157965530891308
163,0.2429343081177863
164,0.1518326912238138
