residue,prediction score
1,0.12714651660488516
2,0.4027937354487356
3,0.4544264497547157
4,0.4242758799690249
5,0.3716060665854727
6,0.1000903861765752
7,0.26524404316218364
8,0.1000903861765752
9,0.3527683967088487
10,0.33135298192762364
11,0.021939995358145302
12,0.2223584705575817
13,0.04132109135030397
14,0.13369140165668114
15,0.021619016429335725
16,0.145873986211338
17,0.021619016429335725
18,0.12853277461043372
19,0.14071535916509054
20,0.12853277461043372
21,0.14576351281951885
22,0.14576351281951885
23,0.14576351281951885
24,0.021619016429335725
25,0.145873986211338
26,0.021619016429335725
27,0.1234846209560054
28,0.021619016429335725
29,0.1509221398657663
30,0.3979417145320397
31,0.3489947945083534
32,0.3979417145320397
33,0.1509221398657663
34,0.4027571705722757
35,0.451087850757075
36,0.4157965530891308
37,0.0980763904037018
38,0.451087850757075
39,0.1509221398657663
40,0.1234846209560054
41,0.13369140165668114
42,0.13369140165668114
43,0.13369140165668114
44,0.12853277461043372
45,0.026988149012573598
46,0.1234846209560054
47,0.021619016429335725
48,0.04363028470471469
49,0.04363028470471469
50,0.026988149012573598
51,0.03218974772703992
52,0.0980763904037018
53,0.0980763904037018
54,0.021619016429335725
55,0.021619016429335725
56,0.12853277461043372
57,0.021619016429335725
58,0.021619016429335725
59,0.26075258179841737
60,0.1000903861765752
61,0.3527683967088487
62,0.3527683967088487
63,0.3716060665854727
64,0.021619016429335725
65,0.021619016429335725
66,0.1000903861765752
67,0.021619016429335725
68,0.021619016429335725
69,0.11968941857004042
70,0.13369140165668114
71,0.2429343081177863
72,0.19242860167692555
73,0.3527683967088487
74,0.12714651660488516
75,0.3302227572232144
76,0.1000903861765752
77,0.4544264497547157
78,0.04363028470471469
79,0.12170341434291382
80,0.2429343081177863
81,0.21167661508100846
82,0.2559371257581814
83,0.1509221398657663
84,0.05595218766741205
85,0.14576351281951885
86,0.1000903861765752
87,0.1000903861765752
88,0.12170341434291382
89,0.12170341434291382
90,0.12714651660488516
91,0.12513252083201176
92,0.0980763904037018
93,0.034511790821076783
94,0.13097796367960293
95,0.12853277461043372
96,0.12853277461043372
97,0.021619016429335725
98,0.14071535916509054
99,0.13097796367960293
100,0.12853277461043372
