residue,prediction score
1,0.1272083856483154
2,0.1272083856483154
3,0.026988149012573598
4,0.04363028470471469
5,0.10721094559123208
6,0.02842831695856292
7,0.12020081089581873
8,0.10721094559123208
10,0.13369140165668114
11,0.13369140165668114
12,0.13369140165668114
13,0.1509221398657663
14,0.2401663220614129
15,0.29311274098694257
16,0.3192096049345416
17,0.2289073532900935
18,0.26075258179841737
19,0.4209372809713842
20,0.451087850757075
21,0.3849388968916445
22,0.22368629471370344
23,0.021619016429335725
24,0.021619016429335725
25,0.021619016429335725
26,0.13332561919579694
27,0.13097796367960293
28,0.10108766781286156
29,0.18774772313257287
30,0.22368629471370344
31,0.10108766781286156
32,0.2429343081177863
33,0.04363028470471469
34,0.12853277461043372
35,0.30704218264428007
36,0.18356928175821696
37,0.021619016429335725
38,0.1018418130079942
39,0.04132109135030397
40,0.1031009605686924
41,0.021619016429335725
42,0.034511790821076783
43,0.03218974772703992
44,0.03218974772703992
45,0.034511790821076783
46,0.026988149012573598
47,0.026988149012573598
48,0.021619016429335725
49,0.021619016429335725
50,0.021619016429335725
51,0.1272083856483154
52,0.1041936239511834
53,0.1041936239511834
54,0.18774772313257287
55,0.22850175075393936
56,0.2429343081177863
