residue,prediction score
24,0.3605032327337882
25,0.3979417145320397
26,0.44348292045701854
27,0.40337616674883797
28,0.451087850757075
29,0.34566019703681683
30,0.3484016365769431
31,0.2662366645700816
32,0.3527683967088487
33,0.4468215194546592
34,0.35389862141325795
35,0.33135298192762364
36,0.4544264497547157
37,0.3527683967088487
38,0.3258559970913089
39,0.3527683967088487
40,0.3716060665854727
41,0.3527683967088487
42,0.2223584705575817
43,0.0980763904037018
44,0.3527683967088487
45,0.33135298192762364
46,0.3302227572232144
47,0.3258559970913089
48,0.034511790821076783
49,0.3527683967088487
50,0.3527683967088487
51,0.021619016429335725
52,0.021619016429335725
53,0.35389862141325795
54,0.2988290134167783
55,0.021619016429335725
56,0.034511790821076783
57,0.3302227572232144
58,0.04896992375451677
59,0.04896992375451677
60,0.04132109135030397
61,0.04389147101518282
62,0.11995060488050854
63,0.05595218766741205
64,0.11963553599569697
65,0.021619016429335725
66,0.021619016429335725
67,0.35389862141325795
68,0.33135298192762364
69,0.35389862141325795
70,0.11968941857004042
71,0.04870873744404865
72,0.037268200466373885
73,0.0980763904037018
74,0.0980763904037018
75,0.026988149012573598
76,0.021619016429335725
77,0.0980763904037018
78,0.0980763904037018
79,0.026988149012573598
80,0.026988149012573598
81,0.1000903861765752
82,0.026988149012573598
83,0.021619016429335725
84,0.22368629471370344
85,0.11968941857004042
86,0.2714890997434541
87,0.3527683967088487
88,0.021619016429335725
89,0.026988149012573598
90,0.18862399626344992
91,0.1278206478903954
92,0.12580665211752198
93,0.10620761972405683
94,0.21167661508100846
95,0.1003515724870433
96,0.12196460065338195
97,0.3144716598892729
98,0.1278206478903954
99,0.3069527529933665
100,0.10310166358573496
101,0.037444783575730486
102,0.02255733727475393
103,0.21167661508100846
104,0.21167661508100846
105,0.32563068194397354
106,0.3527683967088487
107,0.03218974772703992
108,0.0294636371666485
109,0.11968941857004042
110,0.3527683967088487
111,0.35389862141325795
112,0.2988290134167783
113,0.3527683967088487
114,0.4468215194546592
115,0.44348292045701854
116,0.35389862141325795
117,0.4544264497547157
118,0.44348292045701854
119,0.44348292045701854
120,0.44348292045701854
121,0.4468215194546592
