residue,prediction score
4,0.0980763904037018
5,0.10310166358573496
6,0.19242860167692555
7,0.2429343081177863
8,0.24724338335954296
9,0.1278206478903954
10,0.279494214404021
11,0.0980763904037018
12,0.16523039172225906
13,0.033797449541800785
14,0.033797449541800785
15,0.09833757671416993
16,0.04389147101518282
17,0.13097796367960293
18,0.1041936239511834
19,0.026988149012573598
20,0.1000903861765752
21,0.0980763904037018
22,0.1000903861765752
23,0.1000903861765752
24,0.22368629471370344
25,0.1000903861765752
26,0.11968941857004042
27,0.0980763904037018
28,0.04363028470471469
29,0.13097796367960293
30,0.026988149012573598
31,0.14071535916509054
32,0.12853277461043372
33,0.021619016429335725
34,0.12853277461043372
35,0.021619016429335725
36,0.021619016429335725
37,0.021619016429335725
38,0.021619016429335725
39,0.021619016429335725
40,0.021619016429335725
41,0.026988149012573598
42,0.026988149012573598
43,0.03218974772703992
44,0.021619016429335725
45,0.021619016429335725
46,0.14576351281951885
47,0.12853277461043372
48,0.14820870188868807
49,0.14576351281951885
50,0.12853277461043372
51,0.13097796367960293
52,0.13097796367960293
53,0.13097796367960293
54,0.14820870188868807
55,0.12853277461043372
56,0.026988149012573598
57,0.021619016429335725
58,0.021619016429335725
59,0.021619016429335725
60,0.021619016429335725
61,0.026988149012573598
62,0.026988149012573598
63,0.04363028470471469
64,0.0980763904037018
65,0.0980763904037018
66,0.021619016429335725
67,0.026988149012573598
68,0.021619016429335725
69,0.026988149012573598
70,0.021619016429335725
71,0.021619016429335725
72,0.02792646985799179
73,0.021619016429335725
74,0.021619016429335725
75,0.02792646985799179
76,0.02255733727475393
77,0.021619016429335725
78,0.04389147101518282
79,0.021619016429335725
80,0.1234846209560054
81,0.021619016429335725
82,0.021619016429335725
83,0.021619016429335725
84,0.021619016429335725
85,0.021619016429335725
86,0.14820870188868807
87,0.13097796367960293
88,0.12853277461043372
89,0.13097796367960293
90,0.14820870188868807
91,0.2289073532900935
92,0.19242860167692555
93,0.19242860167692555
94,0.19242860167692555
95,0.14820870188868807
96,0.1041936239511834
97,0.1234846209560054
98,0.026988149012573598
99,0.13097796367960293
100,0.021619016429335725
101,0.2429343081177863
102,0.19242860167692555
103,0.26649139676362593
104,0.22368629471370344
105,0.24774976415802225
