residue,prediction score
1,0.1
2,0.2
3,0.5
4,0.9
5,0.9
6,0.0
7,0.0
8,0.8
9,0.0
10,0.0
11,0.0
12,0.0
13,0.0
14,0.0
15,0.9
16,0.6
17,0.0
18,0.9
19,0.9
20,0.0
21,1.0
22,0.3
23,0.0
24,0.0
25,0.4
26,0.9
27,0.0
28,0.0
29,0.0
30,0.3
31,0.0
32,0.0
33,0.3
34,0.1
35,0.1
36,0.0
37,0.1
38,0.1
39,0.1
40,0.0
41,0.3
42,0.2
43,0.4
44,0.0
45,0.7
46,0.1
47,0.0
48,0.6
49,0.0
50,0.0
51,0.3
52,0.1
53,0.0
54,0.1
55,0.0
56,0.2
57,0.0
58,0.0
59,0.0
60,0.0
61,0.0
62,0.4
63,0.0
64,0.0
65,0.5
66,0.0
67,0.0
68,0.2
69,0.0
70,0.0
71,0.0
72,0.0
73,0.0
74,0.0
75,0.002587991718426501
76,0.0
77,0.2
78,0.0
79,0.002587991718426501
80,0.0
81,0.0
82,0.0
83,0.0
84,0.6
85,0.0
86,0.0
87,0.7
88,0.6
89,0.0
90,0.0
91,0.1
92,0.2
93,0.0
94,0.5
95,0.0
96,0.4
97,0.0
98,0.0
99,0.9
100,0.0
101,0.1
102,0.3
103,1.0
104,0.1
105,0.0
106,0.5
107,0.0
108,0.2
109,0.4
110,0.0
111,0.7
112,0.0
113,0.0
114,0.0
115,0.2
116,0.1
117,0.0
118,0.0
119,0.0
120,0.1
121,0.0
122,0.0
123,0.9
124,0.0
125,0.0
126,0.0
127,0.0
128,0.0
129,0.2
130,0.0
131,0.0
132,0.0
133,0.2
134,0.6
135,0.1
136,0.0
137,0.1
138,0.0
139,0.1
140,0.0
141,0.0
142,0.0
143,0.0
144,1.0
145,0.0
146,0.0
147,0.0
154,0.1
155,0.2
156,0.3
157,0.0
158,0.2
159,0.0
160,0.0
161,0.0
162,0.0
163,0.0
164,1.0
165,0.0
166,0.002587991718426501
167,0.4
168,0.0
169,0.0
170,0.0
171,0.0
172,1.0
173,0.002587991718426501
174,0.5
175,1.0
176,0.0
177,0.0
178,0.8
179,0.9
180,0.002587991718426501
181,0.0
182,0.1
183,0.0
184,0.0
185,0.0
186,0.0
187,0.0
188,0.0
189,0.3
190,0.3
