residue,prediction score
1,0.0
2,0.0
3,0.0
4,0.0
5,0.002587991718426501
6,0.002587991718426501
7,0.0
8,0.0
9,0.2
10,0.1
11,0.0
12,0.0
13,0.0
14,0.0
15,0.0
16,0.0
17,0.0
18,0.002587991718426501
19,0.0
20,0.002587991718426501
21,0.002587991718426501
22,0.002587991718426501
23,0.0
24,0.0
25,0.0
26,0.0
27,0.0
28,0.0
29,0.0
30,0.0
31,0.0
32,0.0
33,0.0
34,0.002587991718426501
35,0.002587991718426501
36,0.0
37,0.0
38,0.0
39,0.0
40,0.1
41,0.0
42,0.0
43,0.0
44,0.0
45,0.0
46,0.0
47,0.0
48,0.0
49,0.0
50,0.1
51,0.0
52,0.0
53,0.0
54,0.4
55,0.0
56,0.0
57,0.0
58,0.0
59,0.0
60,0.0
61,0.0
62,0.0
63,0.0
64,0.0
65,0.0
66,0.0
67,0.0
68,0.0
69,0.0
70,0.1
71,0.0
72,0.002587991718426501
73,0.0
74,0.0
75,0.0
76,0.0
77,0.0
78,0.0
79,1.0
80,0.0
81,0.0
82,0.002587991718426501
83,0.002587991718426501
84,0.0
85,0.0
86,0.0
87,0.0
88,0.0
89,0.0
90,0.1
91,0.7
92,1.0
93,0.6
94,0.2
95,0.0
96,0.0
97,0.0
98,0.0
99,0.0
100,0.0
101,0.0
102,0.0
103,0.0
104,0.1
105,0.0
106,0.0
107,0.0
108,0.0
109,0.0
110,0.0
111,0.0
112,0.0
113,0.3
114,0.1
115,0.1
116,0.0
117,0.0
118,0.0
119,0.0
120,0.002587991718426501
121,0.0
122,0.002587991718426501
123,0.002587991718426501
124,0.0
125,0.0
126,0.1
127,0.9
128,0.5
129,0.1
130,0.0
131,0.0
132,0.0
133,0.0
134,0.0
135,0.0
136,0.0
137,0.0
138,0.1
139,0.0
140,0.2
141,0.0
142,0.0
143,0.0
144,0.0
145,0.0
146,0.002587991718426501
147,0.002587991718426501
148,0.002587991718426501
149,0.0
150,0.0
151,0.0
152,0.4
153,0.5
154,0.0
155,0.0
156,0.0
157,0.1
158,0.002587991718426501
159,0.0
160,0.3
161,0.0
162,0.0
163,0.7
164,0.1
165,0.0
166,0.0
167,0.0
168,0.0
169,0.0
170,0.0
171,0.0
172,0.0
173,0.0
174,0.0
175,0.0
176,0.0
177,0.0
178,0.002587991718426501
179,0.002587991718426501
180,0.002587991718426501
181,0.0
182,0.0
183,0.0
184,0.0
185,0.0
186,0.5
187,0.3
188,0.2
189,0.2
190,0.2
191,0.1
192,0.0
193,0.002587991718426501
194,0.0
195,0.0
196,0.0
197,0.0
198,0.8
199,0.0
200,0.0
201,0.0
202,0.0
203,0.0
204,0.0
205,0.0
206,0.0
207,0.0
208,0.0
209,0.0
210,0.1
211,0.0
212,0.0
213,0.0
214,0.0
215,0.0
216,0.0
217,0.0
218,0.0
219,0.6
220,0.7
221,0.0
222,0.0
223,0.0
224,0.0
225,0.0
226,0.0
227,0.1
228,0.0
229,0.1
230,0.0
231,0.0
232,0.0
233,0.0
234,0.0
235,0.0
236,0.0
237,0.0
238,0.0
239,0.0
240,0.0
241,0.0
242,0.0
243,0.0
244,0.0
245,0.0
246,0.0
247,1.0
248,0.0
249,0.0
250,0.0
251,0.0
252,0.1
253,0.0
254,0.0
255,0.0
256,0.0
257,0.4
258,0.6
259,0.1
260,0.0
261,0.0
262,0.3
263,0.1
264,0.0
265,0.4
266,0.5
267,0.1
268,0.6
269,0.6
