residue,prediction score
8,0.0
9,0.0
10,0.0
11,0.0
12,0.0
13,0.0
14,0.002587991718426501
15,0.019607843137254898
16,0.002587991718426501
17,0.0
18,0.0
19,0.0
20,1.0
21,0.0
22,0.0
23,0.0
24,0.0
25,0.0
26,0.0
27,0.0
28,0.1
29,0.0
30,0.1
31,0.4
37,0.0
38,0.2
39,0.6
40,1.0
41,0.6
42,0.2
43,0.7
44,0.0
45,0.0
46,0.5
47,0.0
48,0.5
49,0.4
50,0.0
51,0.3
52,0.0
53,0.4
54,0.0
55,0.2
56,0.5
57,0.3
58,0.5
59,0.0
60,0.0
61,0.0
62,1.0
63,0.0
64,0.1
65,0.0
66,0.0
67,0.0
68,0.9
69,0.3
70,0.2
71,0.3
72,0.6
73,0.7
74,0.4
75,0.6
76,0.0
77,0.1
78,0.1
79,0.0
80,0.0
81,0.1
82,0.5
83,0.0
84,0.4
85,0.0
86,0.002587991718426501
87,0.002587991718426501
88,0.019607843137254898
89,0.0
90,0.0
91,0.0
92,0.0
93,0.0
94,0.0
95,0.1
96,0.1
97,0.0
98,0.5
99,0.3
100,0.4
101,0.0
102,0.3
103,0.5
104,0.0
105,0.2
106,0.0
107,0.7
108,0.0
109,0.0
110,0.0
111,0.5
112,0.1
113,0.1
114,0.9
115,0.0
116,0.0
117,0.0
118,0.019607843137254898
119,0.0
120,0.002587991718426501
121,0.0
122,0.0
123,0.1
124,0.0
125,0.0
126,0.1
127,0.0
128,0.0
129,0.0
130,0.0
131,0.0
132,0.0
133,0.0
134,0.0
135,0.0
136,0.1
137,0.0
138,0.0
139,0.0
140,0.0
141,0.0
142,0.0
143,0.2
144,0.0
145,0.0
146,0.8
147,0.4
148,0.1
149,0.0
150,0.1
151,0.0
152,0.2
153,0.8
154,0.2
155,0.4
156,0.3
157,0.0
158,0.5
159,0.2
160,0.019607843137254898
161,0.0
162,0.0
163,0.0
164,0.0
165,0.0
166,0.0
167,0.0
168,0.0
169,0.0
170,0.1
171,0.0
172,0.2
173,0.3
174,0.0
175,0.4
176,0.0
177,0.0
