residue,prediction score
1,0.7
2,0.0
3,0.0
4,0.002587991718426501
5,0.002587991718426501
6,0.0
7,0.0
8,0.0
9,0.0
10,0.0
11,0.0
12,0.0
13,0.0
14,0.0
15,0.0
16,0.0
17,0.0
18,0.0
19,0.3
20,0.0
21,0.1
22,0.0
23,0.1
24,0.4
25,0.0
26,0.2
27,0.3
28,0.4
29,0.0
30,0.3
31,0.0
32,0.0
33,0.0
34,0.0
35,0.0
36,0.3
37,0.0
38,0.3
39,0.0
40,0.8
41,0.8
42,0.0
43,0.2
44,0.2
45,0.8
46,0.0
47,0.0
48,0.5
49,0.0
50,0.0
51,0.0
52,0.1
53,0.0
54,0.0
55,0.0
56,0.2
57,0.0
58,0.2
59,0.0
60,0.0
61,0.8
62,0.4
63,0.0
64,0.002587991718426501
65,0.0
66,0.2
67,0.2
68,0.5
69,0.8
70,0.8
71,0.5
72,0.3
73,0.2
74,0.0
75,0.3
76,0.7
77,0.3
78,0.4
79,0.0
80,0.2
81,0.0
82,0.1
83,0.0
84,0.2
85,0.0
86,0.7
87,0.0
88,0.0
89,0.1
90,0.0
91,0.0
92,0.0
93,0.2
94,0.1
95,0.7
96,0.2
97,0.3
98,0.2
99,0.3
100,0.6
101,0.0
102,0.2
103,0.3
104,0.0
105,0.0
106,0.0
107,0.0
108,0.0
109,0.1
110,0.0
111,0.0
112,0.0
113,0.0
114,0.0
115,0.1
116,0.0
117,0.1
118,0.6
119,0.0
120,0.0
121,0.0
122,0.0
123,0.0
124,0.0
125,0.0
126,0.8
127,0.0
128,0.0
129,0.0
130,0.1
131,0.0
132,0.8
133,0.0
134,0.0
135,0.0
136,0.0
137,0.2
138,0.0
139,0.0
140,0.0
141,0.0
142,0.0
143,0.0
144,0.002587991718426501
145,0.0
146,0.0
147,0.0
148,0.0
149,0.0
150,0.0
151,0.0
152,0.3
153,0.6
154,0.2
155,0.5
156,0.1
157,1.0
158,0.3
