residue,prediction score
97,0.4
98,0.0
99,0.0
100,0.3
101,0.2
102,0.5
103,0.9
104,0.8
105,0.9
106,0.8
107,0.7
108,0.0
109,0.0
110,0.3
111,0.1
112,0.0
113,0.0
114,0.6
115,0.1
116,0.0
117,0.0
118,0.0
119,0.0
120,0.0
121,0.0
122,0.0
123,0.0
124,0.0
125,0.0
126,0.0
127,0.0
128,0.7
129,1.0
130,0.0
131,0.2
132,0.0
133,0.0
134,0.0
135,0.0
136,0.0
137,0.0
138,0.0
139,0.0
140,0.0
141,0.0
142,0.0
143,0.0
144,0.0
145,0.0
146,0.2
147,0.5
148,0.1
149,0.3
150,0.0
151,0.0
152,0.0
153,0.0
154,0.0
155,0.0
156,0.0
157,0.002587991718426501
158,0.0
159,0.0
160,0.0
161,0.002587991718426501
162,0.0
163,0.0
164,0.0
165,0.0
166,0.6
167,0.0
168,0.2
169,0.0
170,0.3
171,0.4
172,0.4
173,0.0
174,0.0
175,0.0
176,0.0
177,0.0
178,0.3
179,0.1
180,0.0
181,0.2
182,0.1
183,0.4
184,0.2
185,0.0
186,0.0
187,0.2
188,0.4
189,0.0
190,0.0
191,0.0
192,0.2
193,0.0
194,0.002587991718426501
195,0.002587991718426501
196,0.0
197,0.0
198,0.0
199,0.1
200,0.2
201,0.4
202,0.1
203,0.0
204,0.0
205,0.0
206,0.4
207,0.6
208,0.6
209,0.2
210,0.8
211,0.2
212,0.6
213,0.1
214,0.0
215,0.0
216,0.002587991718426501
217,0.0
218,0.0
219,0.2
220,0.0
221,0.1
222,0.2
223,0.0
224,0.0
225,0.0
226,0.0
227,0.1
228,0.2
229,0.1
230,0.0
231,0.0
232,0.0
233,0.0
234,0.002587991718426501
235,0.0
236,0.002587991718426501
237,0.0
238,0.0
239,0.0
240,0.0
241,0.3
242,0.1
243,0.1
244,0.0
245,0.0
246,0.0
247,0.1
248,0.1
249,0.0
250,0.0
251,0.0
252,0.0
253,0.0
254,0.0
255,0.0
256,0.0
257,0.0
258,0.0
259,0.0
260,0.1
261,0.4
262,0.0
263,0.2
264,0.1
265,0.8
266,0.0
267,0.5
268,0.1
269,0.0
270,0.0
271,0.0
272,0.0
273,0.0
274,0.0
275,0.0
276,0.0
277,0.0
278,0.0
279,0.0
280,0.1
281,0.0
282,0.0
283,0.6
284,0.0
285,0.0
286,0.1
287,0.2
