residue,prediction score
159,0.03842259321537005
160,0.3348679119344916
161,0.15766958761235503
162,0.020359281397308016
163,0.11396831103618835
164,0.020791864494927457
165,0.1185863652593064
166,0.1179519351479406
167,0.020813506766543262
168,0.2953190202858918
169,0.20702654792219044
170,0.15303660994471238
171,0.03107106616895221
172,0.020673714033140445
173,0.12923726522992404
174,0.3308636074444113
175,0.020856364357899417
176,0.08971689447982985
177,0.2737537983869471
178,0.4382238647393197
179,0.020626833207401038
180,0.152222724250555
181,0.4630647509579507
182,0.19835560887052706
183,0.025710976208102563
184,0.10844480142931696
185,0.11320968192492167
186,0.08214075357974078
187,0.07100227332870661
188,0.0891721523182585
189,0.17501975099818246
190,0.18953100283652674
191,0.1045689854603605
192,0.07593654161442133
193,0.1645781732984661
194,0.09229950250270334
195,0.020828275500754403
196,0.08895136866806311
197,0.020405566799065813
198,0.03503191118909685
199,0.02105850663962896
200,0.09793282533602918
201,0.06876654846810873
202,0.10745596134106172
203,0.11024991549764772
204,0.057816381293320535
205,0.06359355065793458
206,0.32760355758908755
207,0.453009118897698
208,0.02103214001191811
209,0.16125498981039485
210,0.5871570217790659
211,0.5504483537563937
212,0.0223792170048733
213,0.5558688233177185
214,0.8243319564686105
215,0.5878188761410791
216,0.032329177698067285
217,0.4164613469316216
218,0.25196059739913884
219,0.15912805518558948
220,0.022716798855118302
221,0.02253471281143816
222,0.06416703428944495
223,0.07399536167212548
224,0.07879740997266292
225,0.08446681141543623
226,0.15216947294894542
