residue,prediction score
1,0.4209100982248949
2,0.4585840438281658
3,0.4585840438281658
4,0.326857482723865
5,0.189875792712675
6,0.3679166144652615
7,0.14605959927283824
8,0.4582461758531436
9,0.0954463020280449
10,0.3298509237490144
11,0.21659974471184007
12,0.21659974471184007
13,0.19883367217912887
14,0.24917898327609464
15,0.09677675996855006
16,0.22544847230207904
17,0.09974367159608652
18,0.44601297881878216
19,0.3630129475315041
20,0.4585840438281658
21,0.4582461758531436
22,0.4576008633819328
23,0.4059713139389105
24,0.10256775681155532
25,0.2723280056553107
26,0.030356992986618838
27,0.1074945137918696
28,0.0954463020280449
29,0.16182316736618524
30,0.24917898327609464
31,0.4450297983725491
32,0.30299112493389985
33,0.2723280056553107
34,0.10728081774903753
35,0.3793697032609179
36,0.3820893883246117
37,0.11115258545121387
38,0.4582461758531436
39,0.3981887884294265
40,0.44601297881878216
41,0.2112252123418826
42,0.3249165052522077
43,0.3928276281276764
44,0.02388203801530282
45,0.4328692930075482
46,0.4585840438281658
47,0.4582461758531436
48,0.4585840438281658
49,0.42356567127502204
50,0.4059713139389105
51,0.24917898327609464
