residue,prediction score
447,0.2
448,0.2
449,0.0
450,0.1
451,0.0
452,0.0
453,0.5
454,0.0
455,0.0
456,0.0
457,0.0
458,0.0
459,0.0
460,0.0
461,0.0
462,0.1
463,0.1
464,0.0
465,0.0
466,0.0
467,0.4
468,0.0
469,0.0
470,0.0
471,0.0
472,0.2
473,0.0
474,0.0
475,0.0
476,0.054054054054054064
477,0.0
478,0.0
479,0.0
480,0.0
481,0.0
482,0.0
483,0.0
484,0.0
485,0.0
486,0.0
487,0.0
488,0.0
489,0.0
490,0.0
491,0.0
492,0.0
493,0.0
494,0.0
495,0.0
496,0.0
497,0.0
498,0.0
499,0.0036630036630036634
500,0.0
501,0.0
502,0.0
503,0.0
504,0.0
505,0.0
506,0.0
507,0.0
508,0.0
509,0.0
510,0.2
511,0.3
512,0.2
513,0.0
514,0.5
515,0.3
516,0.3
517,0.0
518,0.2
519,1.0
520,0.0
521,0.0
522,0.0
523,0.0
524,0.0
525,0.0
526,0.0
527,0.0
528,0.8
529,0.0
530,0.0
531,0.9
532,0.5
533,0.0
534,0.0
535,0.2
536,0.0
537,1.0
538,0.0
539,0.0
540,0.2
541,0.0
542,0.0
543,0.0
544,0.0
545,0.0
546,1.0
547,0.4
548,0.0
549,0.2
550,0.0
551,0.6
552,0.1
553,0.0
554,0.0
555,0.1
556,0.0
557,0.0
558,0.0
559,0.0
560,0.0
561,0.0
562,0.0
563,0.0
564,0.0
565,0.1
566,0.0
567,0.1
568,0.0
569,0.5
570,0.1
571,0.7
572,0.3
573,0.7
