residue,prediction score
105,0.1
106,0.0
107,0.0
108,0.1
109,0.0
110,0.0
111,0.0
112,0.0
113,0.0
114,0.0
115,0.0
116,0.0
117,0.0
118,0.0
119,0.7
120,0.0
121,0.1
122,0.0
123,0.0
124,0.0
125,0.0
126,0.0
127,0.0
128,0.0
129,0.0
130,0.0
131,0.0
132,0.0
133,0.0
134,0.0
135,0.0
136,0.0
137,0.0
138,0.0
139,0.0
140,0.0
141,0.0
142,0.0
143,0.0
144,0.0
145,0.0
146,0.0
147,0.0
148,0.0
149,0.0
150,0.0
151,0.0
152,0.0
153,0.05
154,0.0
155,0.0
156,0.0
157,0.0
158,0.0
159,0.0
160,0.5
161,0.0
162,0.0
163,0.0
164,0.0
165,0.0
166,0.0
167,0.0
168,0.0
169,0.0
170,0.0
171,0.0
172,0.0
173,0.0
174,0.0
175,0.3
176,0.2
177,0.1
178,0.1
179,0.9
180,0.0
181,0.0
182,0.0
183,0.0
184,0.0
185,0.0
186,0.0
187,0.0
188,0.0
189,0.0
190,0.0
191,1.0
192,0.0
193,0.07142857142857141
194,0.0
195,0.0
196,0.0
197,0.0036630036630036634
198,0.0
199,0.0
200,0.0
201,0.0
202,0.0
203,0.0
204,0.0
205,0.2
206,0.2
207,0.6
208,0.6
209,0.6
210,0.0
211,0.0
212,0.0
213,0.0
214,0.0
215,0.0
216,0.0036630036630036634
217,0.0036630036630036634
218,0.0
219,0.0
220,0.0036630036630036634
221,0.0
222,0.0
223,0.0
224,0.0
225,0.0
226,0.0
227,0.5
228,0.0
229,0.0
230,0.0
231,0.0
232,0.4
233,0.0
234,1.0
235,0.0
236,0.0
237,0.1
238,0.0
239,0.4
240,0.4
241,0.1
242,0.9
243,0.0
244,0.1
245,0.1
246,0.0
247,0.0
248,0.0
249,0.0
250,0.0
251,0.0
252,0.07142857142857141
253,0.0
254,0.0
255,0.0
256,0.0
257,0.0
258,0.0
259,0.0
260,0.0
261,0.0
262,0.0
263,0.0
264,0.0
265,0.0
