residue,prediction score
34,0.0
35,0.0
36,0.0
37,0.0
38,0.0
39,1.0
40,0.05
41,0.2
42,0.0
43,0.0
44,0.1
45,0.0
46,0.3
47,0.0
48,0.0
49,0.0
50,0.1
51,0.4
52,0.4
53,0.0
54,0.0
55,0.1
56,0.1
57,0.1
58,0.0
59,0.0
60,0.0
61,0.2
62,0.0
63,0.0
64,0.0
65,0.0
66,0.0
67,0.0
68,0.0
69,0.0
70,0.2
71,0.0
72,0.2
73,0.0
74,0.0
75,0.0
76,0.0
77,0.0
78,0.0
79,0.0036630036630036634
80,0.0036630036630036634
81,0.0036630036630036634
82,0.2
83,0.0
84,0.0
85,0.0
86,0.0
87,0.1
88,0.0
89,0.0
90,0.0
91,0.0
92,0.1
93,0.2
94,0.1
95,0.1
96,0.2
97,0.1
98,0.0
99,0.0
100,0.0
101,0.2
102,0.0
103,0.0
104,0.0
105,0.0
106,0.0
107,0.3
108,0.0
109,1.0
110,0.0
111,0.0
112,0.0
113,0.0
114,0.0
115,0.0
116,0.9
117,0.2
118,0.0
119,0.2
120,0.4
121,0.0
122,0.4
123,0.0
124,0.0
125,0.0
126,0.0
127,0.0
128,0.0
129,0.0
130,0.0
131,0.0
132,0.0
133,0.0
134,0.0
135,1.0
136,0.0
137,0.0
138,0.0
139,0.0
140,0.0
141,0.0
142,0.0
143,0.0
144,0.0
145,0.0
146,0.0036630036630036634
147,0.0
148,0.0036630036630036634
149,0.0036630036630036634
150,0.0
151,0.0
152,0.0
153,0.0
154,0.0
155,0.3
156,0.2
157,0.2
158,0.0
159,0.0
160,0.1
161,0.3
162,0.0
163,0.3
164,0.0
165,0.2
166,0.0036630036630036634
167,0.0
168,0.1
169,0.0
170,0.0
171,0.0
172,0.0
173,1.0
174,0.0
175,0.0
176,0.0
177,0.0
178,0.0036630036630036634
179,0.0036630036630036634
180,0.0036630036630036634
181,0.0
182,0.0
183,0.0
184,0.0
185,0.0
186,0.0
187,1.0
188,0.0
189,0.0
190,0.0
191,0.0
192,0.0
193,0.0
194,0.0
195,0.0
196,0.0
197,0.0
198,0.0
199,0.0
200,0.0036630036630036634
201,0.0
202,0.0036630036630036634
203,0.0036630036630036634
204,0.0
205,0.0036630036630036634
206,0.0
207,0.0
208,0.0
209,0.0
210,0.8
211,1.0
212,0.0
213,0.0
214,0.0
215,0.0
216,0.0
217,0.0
218,0.0
219,0.0
220,0.0
221,0.0
222,0.0
223,0.0
224,0.0
225,0.0036630036630036634
226,0.0
227,0.5
228,0.0
229,0.0
230,0.0
231,0.0
232,0.0
233,0.0
234,0.7
235,0.1
236,0.3
237,0.3
238,0.0
239,0.4
240,0.5
241,0.2
242,0.1
243,0.0
244,0.0
245,0.0392156862745098
246,0.0
247,0.0
248,0.0
249,0.0
250,0.0
251,0.0
252,0.0
253,1.0
254,0.0
255,1.0
256,0.0
257,0.0
258,0.0
259,0.0
260,0.0
261,0.0
262,0.0
263,0.0
264,0.0
265,0.0
266,0.0
267,0.0
268,0.0
269,0.0
270,0.0
271,0.0
272,0.0
273,0.0
274,0.0
