protein,predus,ispred,dockpred
1ACB.E,0.41959133581957103,0.36311241232170394,0.5325491828153053
1ACB.I,0.49474593521632426,0.5845701251835531,0.49474593521632426
1AHW.A,0.5399091057458346,0.6207066922001063,0.741903071881514
1AK4.A,0.18911761013682885,0.33561716728507657,0.115867831562705
