residue,prediction score
2,0.3120813605194512
3,0.7938186768899986
4,0.4898319756406235
5,0.2098220816424965
6,0.26090963993382704
7,0.10425917766912793
8,0.23726824642674466
9,0.2373622184469993
10,0.0238919056206356
11,0.051201604713617836
12,0.057688361792512514
13,0.053048563760052334
14,0.028850098380861076
15,0.021380834003545825
16,0.12334586454738992
17,0.021522507583574556
18,0.0599482877715861
19,0.028486178435338575
20,0.35659311821081024
21,0.2394404883230519
22,0.023453104919178926
23,0.023945337104834773
24,0.11795485207991788
25,0.02126873564014933
26,0.17011922498674298
27,0.020856087879349446
28,0.05385606730982638
29,0.02101308696850708
30,0.03203195996320378
31,0.03513423871931935
32,0.024076358559813875
33,0.07423602572799373
34,0.1673320712763799
35,0.18901403356845967
36,0.4996287922187312
37,0.09997499997908883
38,0.02113401012016428
39,0.0436981016464905
40,0.021105042408522685
41,0.04246900108996211
42,0.1188838263716739
43,0.020950244832655576
44,0.09023874488981333
45,0.21517267613993765
46,0.10219538951036472
47,0.17975400578433628
48,0.17122626307966224
49,0.13071249332816134
50,0.16701800328706798
51,0.2750386535492379
52,0.20287158227250107
53,0.1320800737683643
54,0.2291773057870567
55,0.245463022950934
56,0.146607298681564
57,0.2298062734345923
58,0.23304441356005645
59,0.253462872997685
60,0.023643194251418358
61,0.2717770713718401
62,0.030746061687703812
63,0.3356601841538718
64,0.26462992124845885
65,0.06339508453384891
66,0.6948698632299694
67,0.7763580146476574
68,0.5947233410215588
69,0.5308015258839587
70,0.7001616951798844
71,0.29583692092421754
72,0.4629397907170085
73,0.2406308819476299
74,0.031375080867217714
75,0.2223751312130792
76,0.6714297532245214
77,0.4369761808082345
78,0.2554330428473645
79,0.18703739912378564
80,0.5462718470202729
81,0.1612584914658821
