residue,prediction score
8,0.2832117191242932
9,0.07670798668568138
10,0.033919807125793365
11,0.03790054361241835
12,0.04047513416589196
13,0.021581110257077957
14,0.030927727499012413
15,0.02494187077349075
16,0.02627485488008599
17,0.02433522640861499
18,0.04386796213282476
19,0.053801323483986
20,0.026682560180351308
21,0.02089809654789516
22,0.1330620332168845
23,0.03266026707055473
24,0.035511031997472194
25,0.02519315502721516
26,0.04519079357993645
27,0.07702042013958509
28,0.08713060354702118
29,0.06525440213997694
30,0.055910159221126986
31,0.09568448451184663
32,0.10855903924391246
33,0.12327457617539643
34,0.06306370455600871
35,0.1700911379615819
36,0.1097664422310007
37,0.09636880396100364
38,0.08597119580341325
39,0.046788001747050084
40,0.06293549953694329
41,0.2181032420274996
42,0.6274075032067454
43,0.21722647103519926
44,0.5514633871834822
45,0.4114678171631076
46,0.5572820265046081
47,0.8054207812784427
48,0.3515746933166134
49,0.4307659385982814
50,0.13396998210702765
51,0.06516136014875754
52,0.022496038977619152
53,0.13611229693029955
54,0.02318980112696174
55,0.115357968536565
56,0.09476555351241923
57,0.029118914942566132
58,0.04755135087858632
59,0.03340379553600442
60,0.027406850266596137
61,0.05018851283210905
62,0.024018820602707467
63,0.021928502615511342
64,0.031089416047943907
65,0.049469824317954575
66,0.050735374107390166
67,0.028235046512758568
68,0.10686429699935104
69,0.0763772072614077
70,0.06945048720473478
