residue,prediction score
2,0.10640174722244126
3,0.26919249677226165
4,0.28711504868940924
5,0.15092360777503586
6,0.2382413551095003
7,0.19698056925884572
8,0.41341179454037214
9,0.18531555720338524
10,0.4080900072451555
11,0.031128330909080845
12,0.09889162747764868
13,0.0969983823657341
14,0.07905385092202864
15,0.05143632626592788
16,0.053200962798913606
17,0.266284326139974
18,0.03385864657904823
19,0.03890215967333411
20,0.05681147406637153
21,0.05326786347568433
22,0.040218351827222665
23,0.041780719867074524
24,0.02116495189028993
25,0.04519478686100623
26,0.11574989841158252
27,0.21275454190319626
28,0.20068126120017352
29,0.3095369527966887
30,0.12449033221931455
31,0.13511833498084125
32,0.14304781277040035
33,0.16147180437364386
34,0.04801728117787108
35,0.05029708746540363
36,0.04555493181924699
37,0.04827898082832805
38,0.028000834125294416
39,0.021957572144210485
40,0.02490287393782095
41,0.0210246200072063
42,0.030465684952204614
43,0.021274570008086732
44,0.023863835416998214
45,0.027392449354699783
46,0.028761427947057706
47,0.03363714506164761
48,0.06851383059185646
49,0.03533924061135103
50,0.16771945436086372
51,0.020866582292038745
52,0.05270168060315162
53,0.040818581868113775
54,0.042109303964392004
55,0.026038186546942163
56,0.024011704816613477
57,0.02223155655773041
58,0.020912914770967867
59,0.035313815246597734
60,0.02471517186882919
61,0.024293158873269983
62,0.03924502710005584
63,0.13514957256161636
64,0.029064432507557823
65,0.038626663399663856
66,0.16929018121693545
67,0.04813624089049277
68,0.11285892181786746
