residue,prediction score
71,0.12727688342651575
72,0.11800775182555152
73,0.38570287561934097
74,0.2961767519853182
75,0.23668641369391216
76,0.2520768344295077
77,0.22657613289140904
78,0.1209262356575848
79,0.0730311591644977
80,0.09632949765437034
81,0.20612952387855427
82,0.14640762712417618
83,0.05272334486881712
84,0.05036278226830089
85,0.07977879394677552
86,0.07728866387962867
87,0.053859094753466064
88,0.049812778731602884
89,0.09382446632816167
90,0.08145350832969937
91,0.054150205445530855
92,0.0565332114920324
93,0.09309860351586237
94,0.06999361024385277
95,0.05892142098682165
96,0.05815856273022368
97,0.0638995228792163
98,0.05288303036483935
99,0.05380251233925827
100,0.07382848619946669
101,0.08182169814640647
102,0.058481582325387166
103,0.05688890070218551
104,0.07177679935799568
105,0.08670183930410598
106,0.07463295702747179
107,0.05621958383461593
108,0.13560874240760618
109,0.1246599288307528
110,0.06982893870645611
111,0.06570761582310719
112,0.12892151642824295
113,0.1301846695339864
114,0.05263360810492073
115,0.3722504078062715
116,0.6337201536059468
117,0.34897158492399283
118,0.26497521617940256
119,0.05049138166815653
120,0.06330147449690207
121,0.21448679405665266
122,0.20421016962693367
123,0.3471363384775653
124,0.06010111522551191
125,0.05240931700380312
126,0.10380907598063348
127,0.062289171264043076
128,0.054923261705564434
129,0.06209592112530483
130,0.05691593316427585
131,0.059873113776690426
132,0.054037540808760776
133,0.0770098226371483
134,0.05797736639268821
135,0.12252866042372253
136,0.04978404753202574
137,0.0946087898404281
138,0.07585887032596872
139,0.1746243275228016
140,0.05194273661315914
141,0.0498979594790192
142,0.054496923487610316
143,0.049635118592454855
144,0.05427764875313839
145,0.05009762200156197
146,0.05125249326997696
147,0.05454800331087701
148,0.09286873566114627
179,0.06867659030716057
180,0.09820733169314133
181,0.05031254524290202
182,0.050585511570168856
183,0.0507798979992983
184,0.059490985665277024
185,0.05798829803957151
186,0.05261148746545392
187,0.07224676059830015
188,0.08726583681948435
189,0.0502835410405988
190,0.10737629814879568
191,0.21101013470114735
192,0.11032429201220736
193,0.11456502602664377
194,0.0572354633766302
195,0.04966376833488028
196,0.1473775441189134
197,0.12171700567554927
198,0.0945860838824225
199,0.0786918820802367
200,0.10243596887765316
201,0.1491231192577138
202,0.17344621155095372
203,0.11630061098459715
