residue,prediction score
1,0.030219638983620782
2,0.034281271814327566
3,0.03241905813789237
4,0.026595092604714432
5,0.02793967631003697
6,0.023697291055625184
7,0.02268760057128531
8,0.02397611716026505
9,0.023607197539379163
10,0.02235938829713658
11,0.02262919895244977
12,0.023559686704789397
13,0.02436868622603065
14,0.02446559885259896
15,0.02233795878138595
16,0.02602419152648024
17,0.028242522552832758
18,0.022350814081351814
19,0.022566617057075817
20,0.028130714994560303
21,0.027913683794278117
22,0.02283449261857913
23,0.037330622435421734
24,0.027942438236407654
25,0.02497090161928174
26,0.08365171296360173
27,0.04998858384563391
28,0.046794349793421314
29,0.042839170559383785
30,0.05690992821799162
31,0.2288161464322239
32,0.0764600006465324
33,0.02818173700551777
34,0.039081639295435316
35,0.06368070424520347
36,0.026165407017167987
37,0.022854440311575738
38,0.03380433685260957
39,0.03610952693553996
40,0.03327342187288454
41,0.022410423623567138
42,0.03096234125752388
43,0.029471763680402826
44,0.02287830256127549
45,0.02246635887908675
46,0.030587665024721638
47,0.032281456354075144
48,0.10450872910236922
49,0.1511368218967363
50,0.06973609428764882
51,0.17558296319944156
52,0.8035266125493281
53,0.023160636126264338
54,0.08672864855334468
55,0.7760018198199864
56,0.7292777919573441
57,0.19184713857041066
58,0.04110770591112665
59,0.06184841939221085
60,0.030687358932270075
61,0.02396948754684787
62,0.028412743677595224
63,0.06436709046098044
64,0.025539654534099482
65,0.02339104058720073
66,0.023933346597455885
67,0.022376546371804192
68,0.022897799985363333
69,0.02238703819458137
70,0.02321520382454206
71,0.025378576724777814
72,0.022344623590346956
73,0.024484055111952542
74,0.0248849380581309
75,0.02916670756955678
76,0.023603078824369454
77,0.025852679878091516
78,0.028128413213723915
79,0.029635494879274082
80,0.027457584077759688
81,0.02878511296046235
82,0.027488213122464064
83,0.024974900324835046
84,0.023871781240636297
85,0.02587292582633893
86,0.02516507728257961
87,0.02440885953692975
