residue,prediction score
1,0.6741391598034003
2,0.8266132666243593
3,0.7306941226921193
4,0.3589150994369335
5,0.629903971743976
6,0.8414031247315791
7,0.2541066490600044
8,0.2636667318576038
9,0.06012307196770315
10,0.05990667248206449
11,0.20216327241425328
12,0.18816065405735774
13,0.04181728653095559
14,0.026966186882226826
15,0.1921463526872212
16,0.1046006819686596
17,0.1919840109036342
18,0.2308173252272463
19,0.21714629677478964
20,0.16495778454668386
21,0.03948220908397344
22,0.23085215314166405
23,0.2130635116163602
24,0.025714315643020926
25,0.041301606669319264
26,0.24574520210484724
27,0.3552524137268025
28,0.8251280718047961
29,0.4975727403510421
30,0.4966972832314314
31,0.4308331467046976
32,0.29614016765520196
33,0.308137530993505
34,0.7074294597760715
35,0.04256087125004973
36,0.3309078812113616
37,0.5871822776490341
38,0.0895211000279276
39,0.030796529714642338
40,0.5597600901563486
41,0.6868178009108626
42,0.02269340048550681
43,0.2658185230020015
44,0.3796354589326039
45,0.4069355295031956
46,0.2133633238861405
47,0.24454124414218115
48,0.26073866739848245
49,0.24015730785776504
50,0.20897573782118514
51,0.22339946427897087
52,0.24492396332863015
53,0.022827198931349976
54,0.2002017775424515
55,0.24048942743355045
56,0.3010683506180782
57,0.022970081643949654
58,0.2282328613196821
59,0.6608716293391843
60,0.6311695497090009
61,0.23364639173313356
62,0.25019955106434105
63,0.7667269203885225
64,0.14483901445513114
65,0.2420534440028541
66,0.5373404406337311
67,0.5396009190216168
68,0.4672145015586897
69,0.7664197297542694
70,0.489886838742341
