residue,prediction score
236,1.0
237,0.0
238,0.1
239,0.8
240,0.7
241,0.1
242,0.1
243,0.1
244,0.0
245,0.2
246,0.0
247,0.2
248,0.0
249,0.0
250,0.2
251,0.0
252,0.0045721750489875895
253,0.0
254,0.0
255,0.0
256,0.8
257,0.0
258,0.0
259,0.2
260,0.1
261,0.0045721750489875895
262,0.0
263,0.0
264,0.0
265,0.0
266,0.0
267,0.0
268,0.0
269,0.0
270,0.0
271,0.0
272,0.0
273,0.0
274,0.0
275,0.0
276,0.0
277,0.0
278,0.0
279,0.0
280,0.0
281,0.0
282,0.3
283,0.6
284,0.2
285,0.0
286,0.1
287,0.0
288,0.1
289,0.0
290,0.0
291,0.1
292,1.0
293,0.0
294,0.0
295,0.0
296,0.03125
297,0.0
298,0.0
299,0.1
300,0.0
301,0.5
302,0.0
303,0.0
304,0.0
305,0.0
306,0.0
307,0.0
308,0.0
309,0.0045721750489875895
310,0.0
311,0.0
312,0.0
313,0.0
314,0.0
315,0.0
316,0.4
317,0.03125
318,0.0
319,0.0
320,0.2
321,0.0
322,0.9
323,0.0
324,0.1
325,0.0
326,0.6
327,0.0
328,0.0
329,0.6
330,0.0
331,0.2
332,0.0
333,0.0
334,0.0
335,0.5
336,0.1
337,0.0
338,0.9
339,0.0
340,0.6
341,0.0
342,0.0
343,0.0
344,0.3
345,0.0
346,0.4
347,0.1
348,0.0
349,0.0
