residue,prediction score
357,0.0
358,0.0
359,0.1
360,0.0
361,0.0
362,0.0
363,0.0
364,0.0
365,0.0
366,0.9
367,0.0
368,0.1
369,0.0
370,0.2
371,0.019230769230769232
372,0.1
373,0.1
374,0.0
375,0.8
376,0.0
377,0.0
378,0.0
379,0.9
380,0.0045721750489875895
381,0.0
382,0.0
383,0.0
384,0.0
385,0.1
386,0.0
387,0.0
388,0.0
389,0.1
390,0.0
391,0.0
392,0.4
393,0.0
394,0.1
395,0.0
396,0.0045721750489875895
397,0.0
398,0.0
399,0.0
400,0.0
401,0.0
402,0.0
403,0.0
404,0.0
405,0.0
406,0.0
407,0.9
408,0.019230769230769232
409,0.0
410,0.0
411,0.0
412,0.0
413,0.0
414,0.0
415,0.0
416,0.0
417,0.6
418,0.0
419,0.0
420,0.8
421,0.2
422,0.0
423,0.0
424,0.0
425,0.0
426,0.0
427,0.0
428,0.4
429,0.0
430,0.1
431,0.0
432,0.1
433,0.2
434,0.0
435,0.0
436,0.0
437,0.0
438,0.4
439,0.0
440,0.1
441,0.0
442,0.1
443,0.0
444,0.4
445,0.2
446,0.3
447,0.7
448,0.2
449,0.9
450,0.3
451,0.0
452,0.0
453,0.4
454,0.0
455,0.3
456,0.6
457,0.0
458,0.9
459,0.33333333333333337
460,0.1
461,0.0
462,0.0
463,0.0
464,0.0
465,0.1
466,0.0
467,0.8
