residue,prediction score
148,0.0
149,0.8
150,0.0
151,0.0
152,0.0
153,0.0
154,0.0
155,0.0
156,0.0
157,0.0
158,0.1
159,0.0046701692936368935
160,0.0
161,0.1
162,0.0046701692936368935
163,0.0
164,0.7
165,0.0
166,0.4
167,0.6
168,0.0
169,0.5
170,0.4
171,0.0
172,0.0
173,0.0
174,0.0
175,0.0
176,0.0
177,1.0
178,0.0
179,1.0
180,0.0
181,0.0
182,0.0
183,0.0
184,0.0
185,0.0
186,0.0
187,0.0
188,0.0
189,0.0
190,0.0046701692936368935
191,0.0
192,0.0
193,0.0
194,0.0
195,0.0
196,0.2
197,0.0
198,0.0
199,0.0
200,0.0
201,0.3
202,0.0
203,0.0
204,0.0
205,0.0
206,0.0
207,0.0
208,0.0
209,0.0
210,0.0046701692936368935
211,1.0
212,0.0
213,0.0
214,0.0
215,0.0
216,0.0
217,0.0
218,1.0
219,0.0
220,0.0
221,0.6
222,0.8
223,0.0
224,0.1
225,0.0
226,0.0
227,0.2
228,0.0
229,0.0
230,0.0
231,0.0
232,0.0
233,0.0
234,0.0
235,0.0
236,0.0
237,0.0
238,0.0
239,0.0
240,0.0
241,0.0
242,0.2
243,0.0
244,0.0
245,0.2
246,0.0
247,0.2
248,0.2
249,0.1
250,0.0
251,0.7
252,0.9
253,0.0
254,0.0
255,1.0
256,0.0
257,0.0
258,0.0
259,0.0
260,0.0
261,0.0
262,0.0
263,0.0
264,0.0
265,0.0
266,0.0
267,0.0
268,0.0
269,0.0
270,0.0
271,0.0
272,0.0
273,0.0
274,0.0
275,0.0
276,0.0
277,0.1
278,0.4
279,0.4
280,0.0
281,0.2
282,0.3
283,0.0
284,0.2
285,0.1
286,0.0
287,0.0
288,0.0
289,0.0
290,0.0
291,0.0
292,0.0
293,0.0
294,0.0
295,0.0
296,0.0
297,0.0
298,0.0
299,0.0
300,0.0
301,0.0
302,0.0
303,0.0
304,0.0
305,0.0
306,0.0
307,0.0
308,0.0
316,0.2
317,0.1
318,0.9
319,0.4
320,0.3
321,0.0
322,0.6
323,0.0
324,0.4
325,0.2
326,0.1
327,0.0
328,0.0
329,0.3
330,0.2
331,0.2
332,0.1
333,0.1
334,0.0
335,0.3
336,0.0
337,0.1
338,0.0
339,0.0
340,0.7
341,0.0
342,0.0
343,0.2
344,0.2
345,0.0
346,0.0
347,0.0
