residue,prediction score
176,0.0
177,0.1
178,0.5
179,0.0
180,0.0
181,1.0
182,0.0
183,0.0
184,0.0
185,0.0
186,0.0
187,0.0
188,0.0
189,0.0
190,0.0
191,0.0
192,0.0
193,0.0
194,0.0
195,0.0
196,0.1
197,0.0
198,0.0
199,0.0
200,0.0
201,0.0046701692936368935
202,0.0
203,0.0046701692936368935
204,0.0
205,0.0
206,0.3
207,0.0
208,0.0
209,0.0
210,0.0
211,0.9
212,0.0
213,0.0
214,0.0
215,0.0
216,0.0
217,0.0
218,0.0
219,0.0
220,0.0
221,0.0
222,0.0
223,0.0
224,0.0
225,0.0
226,0.0
227,0.0
228,0.0
229,0.0
230,1.0
231,0.0
232,0.0
233,0.0
234,0.0
235,0.0
236,0.0
237,0.0
238,0.0046701692936368935
239,0.0
240,0.0
241,0.0
242,0.0
243,0.1
244,0.0
245,0.1
246,0.5
247,1.0
248,0.5
249,0.1
250,0.6
251,0.0
252,0.0
253,0.1
254,0.0046701692936368935
255,0.0
256,0.0
257,0.0
258,0.0
259,0.3
260,0.1
261,0.2
262,0.6
263,0.0
264,0.0
265,0.2
266,0.4
267,0.5
268,0.0
269,0.4
270,0.1
271,0.4
272,0.0
273,0.6
274,0.1
275,0.0
276,0.0
277,0.0
278,0.0
279,0.0
280,0.0
281,0.0
282,0.0
283,0.0
284,0.0
285,0.0
286,0.1
287,0.0
288,0.0
289,0.0
290,0.0
291,0.4
292,0.3
293,0.0
294,0.0
295,1.0
296,0.0
297,0.0
298,0.0
299,0.0
300,0.0
301,0.0
302,0.0
303,0.0
304,0.0
305,0.0
306,0.0
307,0.0
308,0.0
309,0.0
310,0.0
311,0.0
312,0.0
313,0.0
314,0.0
315,0.0
