residue,prediction score
7,0.2
8,0.0
9,0.0
10,0.0
11,0.0
12,0.3
13,0.0
14,0.1
15,0.0
16,0.3
17,0.0
18,0.0
19,0.0
20,0.0
21,0.0
22,0.0
23,0.1
24,0.0
25,0.0
26,0.2
27,0.0
28,0.0
29,0.0
30,0.0
31,0.0
32,0.0
33,0.0
34,0.0
35,0.0
36,0.0
37,0.0
38,0.0
39,0.0
40,0.0
41,0.0
42,0.0
43,0.002587991718426501
44,0.0
45,0.0
46,0.5
47,0.0
48,0.0
49,0.0
50,0.1
51,0.0
52,0.0
53,0.0
54,0.0
55,0.0
56,0.0
57,0.0
58,0.0
59,0.0
60,0.0
61,0.0
62,0.0
63,0.0
64,0.0
65,0.0
66,0.1
67,0.0
68,0.5
69,0.0
70,0.1
71,0.0
72,0.8
73,1.0
83,0.9
84,0.5
85,0.0
86,0.2
87,0.1
88,0.0
89,0.0
90,0.5
91,0.0
92,0.0
93,0.0
94,0.0
95,0.0
96,0.0
97,0.0
98,0.0
99,0.002587991718426501
100,0.0
101,0.002587991718426501
102,0.0
103,0.1
104,0.0
105,0.0
106,0.3
107,0.0
108,0.0
109,0.2
110,0.1
111,0.0
112,0.9
113,0.4
114,0.0
115,0.4
116,0.7
117,0.1
118,0.0
119,0.3
120,0.3
121,0.4
122,0.0
123,0.0
124,0.0
125,0.5
126,0.0
127,0.0
128,0.0
129,0.002587991718426501
130,0.0
131,0.002587991718426501
132,0.0
133,0.0
134,0.4
135,0.0
136,0.0
137,0.0
138,0.0
139,0.0
140,0.2
141,1.0
142,0.0
143,0.2
144,0.6
145,0.0
146,0.0
147,0.0
148,0.0
149,0.0
150,0.1
151,0.9
152,0.0
153,0.6
154,0.0
155,0.1
156,0.5
157,0.0
158,0.0
159,0.0
160,1.0
161,0.0
162,0.0
163,0.6
164,0.0
165,0.6
166,0.1
167,0.3
168,0.0
169,0.8
170,0.1
171,0.0
172,0.1
173,0.0
174,0.0
175,0.002587991718426501
176,0.0
177,0.0
178,0.0
179,0.1
