residue,prediction score
39,0.1
40,0.2
41,0.5
42,0.1
43,0.0
44,0.0
45,0.9
46,0.0
47,0.0
48,0.0
49,0.0
50,0.7
51,0.0
52,0.0
53,0.0
54,0.0
55,0.0
56,0.2
57,0.0
58,0.1
59,0.1
60,0.1
61,0.0
62,0.0
63,0.0
64,0.0
65,0.0
66,0.0
67,0.0
68,0.0
69,0.0
70,0.0
71,0.0
72,0.4
73,0.0
74,0.1
75,0.0
76,0.0
77,0.0
78,0.0
79,0.1
80,0.0
81,1.0
82,0.0
83,0.0
84,0.0
85,0.8
86,0.4
87,0.4
88,0.1
89,0.7
90,0.5
91,0.5
92,0.0
93,0.0
94,0.2
95,0.1
96,0.0
97,0.0
98,0.1
99,0.7
100,0.0
101,1.0
102,0.7
103,0.3
104,0.3
105,0.1
106,0.1
107,0.1
108,0.0
109,0.0
110,0.5
111,0.1
112,0.0
113,0.0
114,0.2
115,0.0
116,0.0
117,0.0
118,0.0
119,0.0
120,0.0
121,0.002587991718426501
122,0.0
123,0.0
124,0.0
125,0.0
126,1.0
127,0.0
128,0.0
129,0.0
130,0.8
131,0.0
132,0.0
133,0.0
134,0.0
135,0.1
136,0.2
137,0.0
138,0.3
139,0.7
140,0.1
141,0.0
142,0.3
143,0.4
144,0.0
145,0.5
146,0.4
147,0.8
148,0.0
149,0.0
150,0.0
151,0.0
152,0.0
153,0.0
154,0.0
155,0.0
156,0.0
157,0.1
158,0.1
159,0.0
160,0.0
161,0.2
162,0.0
163,0.4
164,0.0
165,0.0
166,0.0
167,0.0
168,0.3
169,0.0
170,0.0
171,0.002587991718426501
172,0.1
173,0.7
174,0.0
175,0.0
176,0.0
177,0.0
178,0.0
179,0.0
180,0.0
181,0.0
182,0.0
183,0.0
184,0.0
185,0.0
186,0.0
187,0.0
188,0.0
189,0.1
190,0.0
191,0.0
192,0.1
193,0.1
194,0.1
195,0.002587991718426501
196,0.0
197,0.0
198,0.2
199,0.0
200,0.0
201,0.5
202,0.0
203,0.0
204,0.0
205,0.0
206,0.1
207,0.0
208,0.5
209,0.8
210,0.5
211,0.0
212,0.0
213,0.0
214,0.6
215,1.0
216,0.4
217,0.7
218,0.0
219,0.0
220,0.1
221,0.0
222,0.0
223,0.002587991718426501
224,0.0
225,0.0
226,0.002587991718426501
227,0.0
228,0.0
229,0.0
230,0.0
231,0.0
232,0.0
233,0.0
234,0.7
