residue,prediction score
357,0.0
358,0.0
359,0.2
360,0.0
361,0.0
362,0.0
363,0.0
364,0.1
365,0.0
366,1.0
367,0.0
368,0.2
369,0.1
370,0.0
371,0.032258064516129024
372,0.1
373,0.0
374,0.2
375,0.3
376,0.0
377,0.0
378,0.0
379,0.8
380,0.0046701692936368935
381,0.0
382,0.0
383,0.0
384,0.0
385,0.0
386,0.0
387,0.0
388,0.0
389,0.1
390,0.0
391,0.0
392,0.1
393,0.1
394,0.0
395,0.0
396,0.0046701692936368935
397,0.0
398,0.0
399,0.0
400,0.0
401,0.0
402,0.0
403,0.0
404,1.0
405,0.0
406,0.0
407,0.0
408,0.032258064516129024
409,0.0
410,0.1
411,0.0
412,0.0
413,0.0
414,0.0
415,0.0
416,0.0
417,0.0
418,1.0
419,0.0
420,0.0
421,0.0
422,0.3
423,0.2
424,0.0
425,0.0
426,0.0
427,0.0
428,0.3
429,0.0
430,0.0
431,0.0
432,0.0
433,0.2
434,0.1
435,0.1
436,0.1
437,0.0
438,0.3
439,0.0
440,0.2
441,0.0
442,0.0
443,0.0
444,0.3
445,0.5
446,1.0
447,0.2
448,0.2
449,0.5
450,0.8
451,0.3
452,0.2
453,0.2
454,0.0
455,0.1
456,0.2
457,0.0
458,0.1
459,0.0
460,0.0
461,0.0
462,0.0
463,0.0
464,0.0
465,0.1
466,0.2
467,0.1
