residue,prediction score
16,0.0
17,0.0
19,0.8
20,0.0
21,0.0
23,0.1
24,0.1
25,0.0
26,0.0
27,0.002587991718426501
28,0.002587991718426501
29,0.019607843137254898
30,0.0
31,0.5
32,0.0
33,0.0
34,0.1
35,0.0
36,0.0
37,0.0
38,0.0
39,0.0
40,0.0
41,0.0
42,0.0
43,0.0
44,0.0
45,0.0
46,0.0
47,0.2
48,0.0
49,0.0
50,0.0
51,0.0
52,0.4
53,0.0
54,0.3
55,0.8
56,0.0
57,0.1
58,0.2
59,0.2
60,0.0
61,0.1
62,0.0
63,0.0
64,0.0
65,0.0
66,0.0
67,0.0
68,0.0
69,0.0
70,0.0
71,0.0
72,0.1
73,0.0
74,0.0
75,0.0
76,1.0
77,0.0
78,0.0
79,0.0
80,0.0
81,0.0
82,0.0
83,0.4
84,0.2
85,0.0
86,0.4
87,0.8
88,0.0
89,0.0
90,0.4
91,0.4
92,0.0
93,0.3
94,0.7
95,0.1
97,0.0
98,0.0
99,0.002587991718426501
100,0.002587991718426501
102,0.002587991718426501
103,0.0
104,0.019607843137254898
105,0.0
106,0.0
107,0.0
108,0.0
109,0.0
110,0.0
111,0.0
112,0.0
113,0.0
114,0.0
115,0.0
116,0.0
117,0.0
118,0.0
119,0.0
120,0.0
121,0.0
122,0.0
123,0.0
124,0.1
125,0.3
126,0.1
127,0.0
128,0.0
129,0.0
130,0.0
131,0.0
132,0.002587991718426501
133,0.002587991718426501
134,0.002587991718426501
135,0.0
136,0.0
137,0.0
138,0.0
140,0.0
141,0.0
142,0.0
143,0.0
144,0.0
145,0.0
146,0.0
147,0.0
148,0.0
149,0.0
150,0.0
151,0.0
152,0.0
153,0.0
154,0.0
155,0.0
156,0.0
157,0.0
158,0.0
159,0.0
160,0.0
161,0.0
162,0.0
163,0.0
164,0.0
165,0.0
166,0.0
167,0.0
168,0.0
169,0.0
170,0.0
171,0.0
172,0.0
173,0.0
174,0.0
175,0.0
176,0.0
177,0.0
178,0.0
179,0.002587991718426501
180,0.0
181,0.0
182,0.0
183,0.0
184,0.0
185,0.0
186,0.0
188,0.0
189,0.0
190,0.0
191,0.0
192,0.0
