residue,prediction score
403,0.0
404,0.1
405,0.1
406,0.1
407,0.2
408,0.1
409,0.0
410,0.0
411,0.3
412,0.0
413,0.0
414,0.0
415,0.4
416,0.0
417,0.0
418,0.0
419,0.0
420,0.0
421,0.0
422,0.2
423,0.1
424,0.1
425,0.0
426,0.2
427,0.0
428,0.0
429,0.0
430,0.0
431,0.0
432,0.0
433,0.7
434,0.0
435,0.0
436,0.1
437,0.1
438,0.0
439,0.0
440,0.0
441,0.5
442,1.0
443,1.0
444,0.9
445,0.0
446,0.0
447,0.0
448,0.3
449,0.0
450,0.1
451,0.0
452,0.0
453,0.0
454,0.0
455,0.6
456,0.0
457,0.0
458,0.5
459,0.8
460,0.4
461,0.0
462,0.1
463,0.1
464,0.0
465,0.1
466,0.0
467,0.0
468,0.0046701692936368935
469,0.0
470,0.0
471,0.0
472,0.2
473,0.0
474,0.0
475,0.0
476,0.0
477,0.0
478,0.0
479,0.0
480,0.0
481,0.0
482,0.0
483,0.0
484,0.0
485,0.0
486,0.0
487,0.1
488,0.5
489,0.0
490,0.0
491,0.5
492,0.0
493,0.0
494,0.4
495,0.0
496,0.0
497,0.3
498,0.0
499,0.0
500,0.2
501,0.0
502,0.0
503,0.0
504,0.0
505,0.0
506,0.0
507,0.0
508,0.0
509,0.0
510,0.0046701692936368935
511,0.0046701692936368935
512,0.0
513,0.0
514,0.0
515,0.0
516,0.0
517,0.0
518,0.1
519,0.3
520,0.0
521,0.1
522,0.0
523,0.0
524,0.8
525,0.0
526,0.0
527,0.2
528,0.0
529,0.1
530,0.4
531,0.0
532,0.0
533,0.2
534,0.0
535,0.0
536,0.0
537,0.0
538,0.1
539,0.0
540,0.1
541,0.0
542,0.0
543,0.0
544,0.0
545,0.0
546,1.0
547,0.0
548,0.0
549,0.0
550,0.4
551,0.0
552,0.0
553,0.1
554,0.1
555,0.0
556,0.0
557,0.0
558,0.0
559,0.0046701692936368935
560,0.0
561,0.0
562,0.0
563,0.0
564,0.6
565,0.0
566,0.0
567,0.3
568,0.1
569,0.0
570,0.0
571,0.5
572,0.8
573,0.2
574,0.33333333333333337
575,0.0
576,0.0
577,0.0
578,0.1
579,0.0
580,0.5
581,0.0
582,0.0
583,1.0
584,0.0
585,0.0
586,0.0
587,0.0
