residue,prediction score
17,0.0
18,0.0
19,0.0
20,0.0
21,0.0
22,0.0
23,0.002587991718426501
24,0.002587991718426501
25,0.002587991718426501
26,0.0
27,0.002587991718426501
28,0.0
29,0.0
30,0.0
31,0.0
32,0.0
33,0.0
34,0.0
35,0.9
36,0.0
37,1.0
38,0.0
39,0.0
40,0.0
41,0.0
42,0.0
43,0.0
44,0.0
45,0.0
46,0.2
47,0.1
48,0.0
49,1.0
50,0.0
51,0.0
52,0.0
53,0.3
54,0.1
55,0.0
56,0.0
57,0.0
58,0.0
59,0.0
60,0.7
61,0.2
62,0.0
63,0.7
64,0.4
65,0.0
66,0.0
67,0.0
68,0.0
69,0.0
70,0.0
71,0.0
72,0.0
73,0.0
74,0.0
75,0.0
76,0.0
77,0.0
78,0.0
79,0.0
80,0.002587991718426501
81,0.002587991718426501
82,0.002587991718426501
83,0.0
84,0.002587991718426501
85,0.0
86,0.0
87,0.0
88,0.0
89,0.0
90,0.0
91,0.0
92,0.0
93,0.0
94,0.0
95,0.0
96,0.0
97,0.3
98,0.0
99,0.3
100,0.9
101,0.6
102,0.4
103,0.1
111,0.2
112,0.0
113,0.0
114,0.0
115,0.0
116,0.0
117,0.0
118,0.0
119,0.1
120,0.0
121,0.0
122,0.0
123,0.1
124,0.7
125,0.0
126,0.0
127,0.0
128,0.0
129,0.0
130,0.0
131,0.0
132,0.0
133,0.0
141,0.0
142,0.0
143,0.0
144,0.0
145,0.0
146,0.0
147,0.0
148,0.0
149,0.002587991718426501
150,0.0
151,0.0
152,0.0
153,0.0
154,0.3
155,0.0
156,0.2
157,0.0
158,0.0
159,0.0
160,0.0
161,0.002587991718426501
162,0.0
163,0.0
164,0.0
165,0.0
166,0.0
167,0.5
168,0.0
169,0.0
170,0.5
171,0.0
172,0.0
173,0.0
174,0.0
175,0.0
176,0.1
177,0.2
178,0.0
179,0.0
180,0.4
181,0.0
182,0.0
183,0.6
184,0.0
185,0.0
186,0.0
187,0.0
188,0.0
189,0.0
190,0.0
191,0.0
192,0.0
193,0.0
194,0.0
195,0.0
196,0.0
197,0.0
198,0.0
199,0.0
200,0.0
201,0.0
202,0.0
203,0.2
204,0.3
205,0.0
206,0.0
207,0.0
208,0.0
209,0.0
210,0.0
211,0.2
212,0.0
213,0.0
214,0.4
215,0.2
216,0.0
217,0.1
218,0.2
219,0.2
220,1.0
221,0.0
222,0.4
223,0.3
224,0.6
225,0.1
226,0.1
227,0.2
228,0.3
229,0.1
230,0.0
231,0.0
232,0.0
233,0.0
234,0.0
235,0.0
236,0.0
237,0.0
238,0.0
239,0.0
240,0.0
241,0.7
242,0.0
243,0.0
244,0.6
245,0.0
246,0.1
247,0.1
