residue,prediction score
132,0.2
133,0.2
134,0.0
135,0.0
136,0.0046701692936368935
137,0.0046701692936368935
138,0.0046701692936368935
139,0.0046701692936368935
140,0.0
141,0.0
142,0.0
143,0.2
144,0.5
145,0.0
146,0.1
147,0.2
148,0.2
149,0.6
150,0.0
151,0.1
152,0.0
153,0.0
154,0.9
155,0.0
156,0.1
157,0.0
158,0.0
159,0.0
160,0.0
161,0.0
162,0.0
163,0.0
164,0.0
165,0.0
166,0.0
167,0.0
168,0.0
169,0.0
170,0.0
171,0.0
172,0.0
173,0.0
174,0.0
175,0.0
176,0.0046701692936368935
177,0.0
178,0.2
179,0.6
180,0.0
181,0.3
182,0.0
183,0.1
184,0.0
185,1.0
186,0.0
187,0.0
188,0.0
189,0.0
190,1.0
191,0.0
192,0.0
193,0.0
194,0.0
195,0.0
196,0.0
197,0.0
198,0.0
199,0.0
200,0.0
201,0.0
202,0.0
203,0.4
204,0.2
205,0.5
206,0.4
207,0.1
208,0.7
209,1.0
210,0.4
211,0.0
212,0.0
213,0.0
214,0.0
215,0.0046701692936368935
216,0.0
217,0.0
218,0.0
219,0.0
220,0.0
221,0.0
222,0.0
223,0.0
224,0.0
225,0.0
226,0.0
227,0.0
228,0.0
229,0.0
230,0.0
231,0.0
232,0.0
233,0.0
234,0.1
235,0.0
236,0.0
237,0.09090909090909093
238,0.0
239,0.0046701692936368935
240,0.0046701692936368935
241,0.0
242,0.6
243,0.0
244,0.0
245,0.0
246,0.6
247,0.0
248,0.0
249,0.0
250,0.0
251,0.0
252,1.0
253,0.0
254,0.0
255,0.0
256,0.0
257,0.0
258,0.0
259,0.0
260,0.0
261,0.0
262,0.0
263,0.0
264,0.0
265,0.0
266,0.0
267,0.0
268,0.0
269,0.0
270,0.0
271,0.0
272,0.0
273,0.0
274,0.0
275,0.0
276,0.1
277,0.0
278,0.0
279,0.1
280,0.0
281,0.0
282,0.0
283,0.0
284,0.0
285,0.0
286,0.0
287,0.0
288,0.0
289,0.0
290,0.0
291,0.1
292,1.0
293,0.1
294,0.1
295,0.1
296,0.0
297,0.3
298,0.0
299,0.1
300,0.1
301,0.2
302,1.0
303,0.3
304,1.0
305,0.0
306,0.2
307,0.2
308,0.3
309,0.0
310,0.1
