residue,prediction score
804,0.16974293857782052
805,0.022000059039212098
806,0.20476455910506627
807,0.22772148786111315
808,0.16974293857782052
809,0.03088205995515486
810,0.2157063041497171
811,0.1279001079489695
812,0.03039729777934098
813,0.3336102003913456
814,0.30846172723309023
815,0.4433965042088954
816,0.4326991532957783
817,0.4433965042088954
818,0.4424947786111854
819,0.4424947786111854
820,0.4433965042088954
821,0.022000059039212098
822,0.33357803881982034
823,0.022000059039212098
824,0.3380878975567478
825,0.022000059039212098
826,0.22090785680635255
827,0.20476455910506627
828,0.03088205995515486
829,0.20476455910506627
830,0.2279339676878325
831,0.022000059039212098
832,0.03088205995515486
833,0.022000059039212098
834,0.20476455910506627
835,0.022000059039212098
836,0.02305457839599549
837,0.029342778422557593
838,0.050593978425826185
839,0.1707974579346039
840,0.11407705787803607
841,0.16974293857782052
842,0.03088205995515486
843,0.04575962938287164
844,0.2784726162393837
845,0.22090785680635255
846,0.3997944609619247
847,0.20476455910506627
848,0.022000059039212098
849,0.2279339676878325
850,0.2279339676878325
851,0.22772148786111315
852,0.22069537697963326
853,0.3129394243984925
854,0.2157063041497171
855,0.3997944609619247
856,0.029342778422557593
857,0.17343920901519894
858,0.36107036498281536
859,0.029342778422557593
860,0.4424947786111854
861,0.4433965042088954
862,0.2538390729343388
863,0.3098568571331938
864,0.04575962938287164
865,0.04575962938287164
866,0.33805573598522265
867,0.03921326051021627
868,0.2784726162393837
869,0.2784726162393837
870,0.024183739385977298
871,0.022000059039212098
872,0.2279339676878325
873,0.022000059039212098
874,0.2279339676878325
