residue,prediction score
1,0.08913893425477369
2,0.0389049717619237
3,0.0389049717619237
4,0.022000059039212098
5,0.022000059039212098
6,0.0389049717619237
7,0.029534909083583413
8,0.09294227745396284
9,0.03039729777934098
10,0.2302525376781039
11,0.17361025612464626
12,0.22062357840208585
13,0.19820918767944504
14,0.1406728586727376
15,0.1221282532049298
16,0.02305457839599549
17,0.02305457839599549
18,0.022000059039212098
19,0.022000059039212098
20,0.022000059039212098
21,0.022000059039212098
22,0.036877628466928915
23,0.022000059039212098
24,0.19820918767944504
25,0.022000059039212098
26,0.24113947528258645
27,0.022000059039212098
28,0.13055756162883594
29,0.13445930027937392
30,0.022000059039212098
31,0.22062357840208585
32,0.08913893425477369
33,0.0930319376381924
34,0.08913893425477369
35,0.022000059039212098
36,0.022000059039212098
37,0.022000059039212098
38,0.022000059039212098
39,0.022000059039212098
40,0.022000059039212098
41,0.022000059039212098
42,0.022000059039212098
43,0.022000059039212098
44,0.022000059039212098
45,0.022000059039212098
46,0.022000059039212098
47,0.03088205995515486
48,0.03088205995515486
49,0.03088205995515486
50,0.03927929869528375
51,0.2784726162393837
52,0.3129394243984925
53,0.4075506801375231
54,0.28982633253349105
55,0.2628785262087064
56,0.28994787773711417
57,0.24410022079213045
58,0.2532495669326883
59,0.22835404383596375
60,0.2628785262087064
61,0.029342778422557593
62,0.2628785262087064
63,0.2507684345586045
64,0.12834181159829344
65,0.11000912817596208
66,0.03193657931193825
67,0.2187250845599457
68,0.022000059039212098
69,0.03088205995515486
70,0.022000059039212098
71,0.022000059039212098
72,0.022000059039212098
73,0.022000059039212098
74,0.022000059039212098
75,0.022000059039212098
76,0.022000059039212098
77,0.022000059039212098
78,0.022000059039212098
79,0.022000059039212098
80,0.022000059039212098
81,0.022000059039212098
82,0.022000059039212098
83,0.022000059039212098
84,0.022000059039212098
85,0.022000059039212098
86,0.022000059039212098
87,0.022000059039212098
88,0.03088205995515486
89,0.03088205995515486
90,0.03088205995515486
91,0.03088205995515486
92,0.03088205995515486
93,0.03088205995515486
94,0.02305457839599549
95,0.029534909083583413
96,0.1221282532049298
97,0.029534909083583413
98,0.1406728586727376
99,0.2187250845599457
