residue,prediction score
1,0.08835336171662389
2,0.24113947528258645
3,0.036877628466928915
4,0.1406728586727376
5,0.022000059039212098
6,0.2187250845599457
7,0.1221282532049298
8,0.3336102003913456
9,0.12834181159829344
10,0.12834181159829344
11,0.022000059039212098
12,0.2279339676878325
13,0.03088205995515486
14,0.20476455910506627
15,0.03088205995515486
16,0.03088205995515486
17,0.03088205995515486
18,0.022000059039212098
19,0.2187250845599457
20,0.07779681401180011
21,0.3016420248221499
22,0.4326991532957783
23,0.30074029922444
24,0.4182480310506401
25,0.4317974276980683
26,0.4317974276980683
27,0.3961558989842576
28,0.3997944609619247
29,0.4326991532957783
30,0.3016420248221499
31,0.3016420248221499
32,0.3997944609619247
33,0.29909243345195197
34,0.29909243345195197
35,0.3016420248221499
36,0.1221282532049298
37,0.2279339676878325
38,0.2279339676878325
39,0.2279339676878325
40,0.16974293857782052
41,0.2279339676878325
42,0.2279339676878325
43,0.022000059039212098
44,0.03088205995515486
45,0.2279339676878325
46,0.2279339676878325
47,0.20476455910506627
48,0.022000059039212098
49,0.03088205995515486
50,0.022000059039212098
51,0.022000059039212098
52,0.20476455910506627
53,0.2279339676878325
54,0.29909243345195197
55,0.022000059039212098
56,0.022000059039212098
57,0.33357803881982034
58,0.3997944609619247
59,0.022000059039212098
60,0.3988927353642147
61,0.3971791697855908
62,0.20783814695546315
63,0.30074029922444
64,0.4317974276980683
65,0.4433965042088954
66,0.4326991532957783
67,0.3016420248221499
68,0.022000059039212098
69,0.22090785680635255
70,0.29909243345195197
71,0.022000059039212098
72,0.03088205995515486
73,0.03088205995515486
74,0.03088205995515486
75,0.022000059039212098
76,0.022000059039212098
77,0.03088205995515486
78,0.03088205995515486
79,0.022000059039212098
80,0.022000059039212098
81,0.022000059039212098
82,0.022000059039212098
83,0.022000059039212098
84,0.022000059039212098
85,0.022000059039212098
86,0.022000059039212098
87,0.022000059039212098
88,0.022000059039212098
89,0.022000059039212098
90,0.022000059039212098
91,0.03088205995515486
92,0.022000059039212098
93,0.022000059039212098
94,0.03088205995515486
95,0.19421666498988088
96,0.22772148786111315
97,0.12036525790459815
98,0.03088205995515486
99,0.022000059039212098
100,0.03088205995515486
101,0.03088205995515486
102,0.22434589675841493
103,0.2157063041497171
104,0.2784726162393837
