residue,prediction score
3,0.024151389783849942
4,0.03188800413020712
5,0.12577592444749228
6,0.024151389783849942
7,0.022569485647355204
8,0.024151389783849942
9,0.024151389783849942
10,0.03188800413020712
11,0.024151389783849942
12,0.024151389783849942
13,0.03188800413020712
14,0.024151389783849942
15,0.022569485647355204
16,0.05211101387648585
17,0.024151389783849942
18,0.024151389783849942
19,0.022569485647355204
20,0.024151389783849942
21,0.024151389783849942
22,0.029560234468762863
23,0.2111187875505238
24,0.10316400014380488
25,0.1040508661676355
26,0.03278212207906737
27,0.029560234468762863
28,0.023463603596215448
29,0.03855681779339866
30,0.10532578808627356
31,0.02536744289092628
32,0.022569485647355204
33,0.1040508661676355
34,0.10316400014380488
35,0.022569485647355204
36,0.022569485647355204
37,0.1001085023359894
38,0.029560234468762863
39,0.024151389783849942
40,0.022569485647355204
41,0.18826591862578174
42,0.024151389783849942
43,0.03188800413020712
44,0.022569485647355204
45,0.03278212207906737
46,0.031142138605257594
47,0.18826591862578174
48,0.20613878324822224
49,0.029560234468762863
50,0.2289916521729644
51,0.2289916521729644
52,0.12577592444749228
53,0.20613878324822224
54,0.27668698180954704
55,0.27668698180954704
56,0.2289916521729644
57,0.12851294852766815
58,0.12651074578620866
59,0.029560234468762863
60,0.029560234468762863
61,0.02378553875443154
62,0.10099536835981998
63,0.029560234468762863
64,0.031142138605257594
65,0.022569485647355204
66,0.022569485647355204
67,0.022569485647355204
68,0.022569485647355204
69,0.022569485647355204
70,0.022569485647355204
71,0.022569485647355204
72,0.022569485647355204
73,0.02378553875443154
74,0.029560234468762863
75,0.022569485647355204
76,0.029560234468762863
77,0.029560234468762863
78,0.029560234468762863
79,0.029560234468762863
80,0.029560234468762863
81,0.02536744289092628
82,0.025045507732710186
83,0.024151389783849942
84,0.024151389783849942
85,0.02536744289092628
