residue,prediction score
8,0.13611534292006625
9,0.1066493417716336
10,0.0389049717619237
11,0.08913893425477369
12,0.08913893425477369
13,0.022000059039212098
14,0.029342778422557593
15,0.022000059039212098
16,0.029342778422557593
17,0.022000059039212098
18,0.08913893425477369
19,0.08913893425477369
20,0.022000059039212098
21,0.022000059039212098
22,0.11559904560950895
23,0.0730771564916867
24,0.08949283086540477
25,0.0389049717619237
26,0.10934273981851664
27,0.19820918767944504
28,0.08958249104963432
29,0.09860896786488164
30,0.119048492198067
31,0.2327336700521877
32,0.16949229859396694
33,0.2327336700521877
34,0.15876855893209166
35,0.2908496033348241
36,0.11559904560950895
37,0.13611534292006625
38,0.11532192197624977
39,0.08913893425477369
40,0.08913893425477369
41,0.3078548482155211
42,0.4326991532957783
43,0.24113947528258645
44,0.4326991532957783
45,0.4075506801375231
46,0.4317974276980683
47,0.4424947786111854
48,0.3971791697855908
49,0.28994787773711417
50,0.2628785262087064
51,0.20783814695546315
52,0.022000059039212098
53,0.4075506801375231
54,0.022000059039212098
55,0.2584746687058723
56,0.09825507125425056
57,0.029342778422557593
58,0.08913893425477369
59,0.07113056312639991
60,0.029342778422557593
61,0.08913893425477369
62,0.022000059039212098
63,0.022000059039212098
64,0.029342778422557593
65,0.08913893425477369
66,0.08913893425477369
67,0.029342778422557593
68,0.1371292143275116
69,0.24113947528258645
70,0.2187250845599457
