,predus,ispred,dockpred,rfscore,logreg
cv1,0.3107442372985554,0.3483679653273537,0.31550602054219185,0.46888277177852156,0.4554680440685922
cv2,0.17800358071866768,0.2692119893593314,0.23340715445836405,0.3089942049778504,0.2997016750545529
cv3,0.24277508533497374,0.3780895275995072,0.24371118032550626,0.41140587021400704,0.4164755141068309
cv4,0.23919175775587703,0.33000678223880525,0.22559479421700554,0.3731527528250359,0.3641769506214865
cv5,0.27417187616858074,0.27331366306637334,0.3106951556254976,0.4109232490871827,0.4079486168639127
