residue,prediction score
12,0.6
13,0.0
14,0.0
15,0.0
16,0.0
17,0.0
18,0.0
19,0.0
20,0.0
21,0.0
22,0.0
23,0.0
24,0.0
25,0.0
26,0.0
27,0.0
28,0.0
29,0.1
30,0.2
31,0.2
32,0.0
33,0.0
34,0.2
35,0.1
36,0.0
37,0.0
38,0.1
39,0.0
40,0.0
41,0.0
42,0.0
43,0.0
44,0.0
45,0.0
46,0.8
47,0.3
48,0.3
49,0.0
50,0.0
51,0.0
52,0.8
53,0.0
54,0.0
55,0.0
56,0.0
57,0.0
58,0.33333333333333337
59,0.0
60,0.0
61,0.0
62,0.0
63,0.0
64,0.0
65,0.0
66,0.0
67,0.0
68,0.0
69,0.0
70,0.0
71,0.0
72,0.0037243947858473
73,0.0
74,1.0
75,0.0
76,0.0
77,0.0
78,0.3
79,0.0
80,0.0
81,0.0
82,0.0
83,0.0
84,0.1
85,0.0
86,0.3
87,0.0
90,0.2
91,0.0
92,0.2
93,0.6
94,0.2
95,0.0
96,0.4
97,0.0
98,0.2
99,0.0
100,0.2
101,0.0
102,0.2
103,0.0
104,0.2
105,0.0
106,0.1
107,0.0
108,0.0
109,0.0
110,0.0
111,0.0
112,0.0
113,0.0
114,0.0
115,0.0
116,0.0
117,0.4
118,0.0
119,0.0
120,0.2
121,0.0
122,0.1
123,0.0
124,0.0
125,0.0
126,0.0
127,0.0
128,0.0
129,0.0
134,0.0
135,0.0
136,0.0
137,0.0
138,0.1
139,0.0
140,0.0
141,0.0
142,0.0
143,0.0037243947858473
144,0.0
145,0.0
146,0.5
147,0.1
148,0.0
149,0.0
150,0.0
151,0.0
152,0.0
153,0.0
154,0.0
155,0.0
156,0.0
157,0.0
162,0.0
163,0.3
164,0.1
165,0.1
166,0.0
167,0.2
168,0.1
169,0.1
170,0.0
171,0.0
172,0.0
173,0.5
174,0.05
175,0.0
176,0.0
177,0.0
178,0.0
179,0.0
180,0.0
181,0.0
182,0.0
183,0.0
184,0.0
185,0.25
186,0.0
187,0.3
191,0.0
192,0.0
193,0.0
194,0.0
195,0.0
196,0.0
197,0.0
198,0.0
199,0.0
200,0.0
201,0.0
202,0.1
203,0.0
204,0.8
