residue,prediction score
804,0.1286139505942662
805,0.020935656021830708
806,0.15247137474047473
807,0.22499662037587514
808,0.12200612608064178
809,0.10113025974901868
810,0.2737462011476216
811,0.13196910562692385
812,0.02540905690373564
813,0.3446682524812135
814,0.3173447781557127
815,0.6578283802428756
816,0.6222169798961013
817,0.693697299763427
818,0.8648434723806258
819,0.8873119212207163
820,0.6581738599264
821,0.02155093998106653
822,0.4562530024187893
823,0.021044570757940667
824,0.3193899277724248
825,0.021588900570814355
826,0.2184567845727872
827,0.15902186642948352
828,0.05967231140399164
829,0.1701068151249336
830,0.22000890221412295
831,0.02038684777629956
832,0.05888461156951575
833,0.020328496728267125
834,0.1651901445966186
835,0.020588501676301663
836,0.02118780896013757
837,0.02331670782121986
838,0.1443786358819188
839,0.12487263084434252
840,0.1139383096841209
841,0.12317148322466705
842,0.052342244926729835
843,0.05177680206861535
844,0.2972082910115938
845,0.23243647081924
846,0.3257619611421919
847,0.19019650979317035
848,0.02079699121251341
849,0.21508779021833893
850,0.21598695719889446
851,0.2231701492696016
852,0.2703349866610054
853,0.30183514369446346
854,0.2980854139088895
855,0.4380803151508109
856,0.025685666460649688
857,0.18776202193285044
858,0.3301514113326636
859,0.02336317597787657
860,0.8801883684967969
861,0.5431298197363722
862,0.17888397133242726
863,0.239710017671578
864,0.11217652849256993
865,0.0601178731926199
866,0.4240549512086237
867,0.027834365411451373
868,0.2736378201869336
869,0.2676803397979392
870,0.02367355770302579
871,0.02039834596110343
872,0.21537238048020807
873,0.020538750150748058
874,0.19366683907836305
