residue,prediction score
1,0.03876438617682836
2,0.026808577785831685
3,0.02814629157388065
4,0.021413944950716628
5,0.020544057801646618
6,0.03073375216107943
7,0.02345728972363296
8,0.04174577723558792
9,0.02475036844976274
10,0.11583258161574887
11,0.050417228017620316
12,0.07781221612176364
13,0.050129035068033775
14,0.06505411131972973
15,0.03738320912381866
16,0.025644749607353485
17,0.022987373254310783
18,0.022602864223525195
19,0.02172942009718529
20,0.025772261720702502
21,0.020755031163872725
22,0.030076037658466608
23,0.02037152673500225
24,0.04629299688401154
25,0.020426639331452896
26,0.14830649105135138
27,0.020796014455085342
28,0.03978135477020605
29,0.04011235784420314
30,0.020500670990493183
31,0.10411061941324842
32,0.03949705027474735
33,0.07189319843853534
34,0.037691383055885534
35,0.021888785948918948
36,0.02452342690375125
37,0.020500670990493183
38,0.020433838685534625
39,0.020330884947468326
40,0.020347610176511592
41,0.021413570875953702
42,0.02087638318649844
43,0.020883737673123168
44,0.02199778343753406
45,0.025277755961859785
46,0.02377575259887059
47,0.030047287890576674
48,0.03547458183536297
49,0.028985658728698918
50,0.05732343308342092
51,0.26987416794246777
52,0.3175204549838239
53,0.4519807793935867
54,0.3528454390705879
55,0.4608504494671878
56,0.8113824398988595
57,0.3157796912910284
58,0.2904513592967345
59,0.11270915768088725
60,0.4892298918457327
61,0.02343387097459793
62,0.5528887891867961
63,0.3045465752500387
64,0.0317202381802492
65,0.08625380119794288
66,0.04911544414319361
67,0.0832869807523259
68,0.02051512328383668
69,0.02827486443255932
70,0.020347610176511592
71,0.023175280362731174
72,0.02032610878378359
73,0.021969423771485967
74,0.023745156417093263
75,0.024362876008068024
76,0.021972000445390383
77,0.02144122873866854
78,0.020328496728267125
79,0.020333273441417433
80,0.020328496728267125
81,0.023199724297391925
82,0.02032610878378359
83,0.025289576622326324
84,0.020737978134107604
85,0.02796468742854967
86,0.024272257596889536
87,0.024170796716285897
88,0.061939456478465674
89,0.0585929022996281
90,0.08821552278788458
91,0.02846161497583868
92,0.026591879095211025
93,0.027678311928676612
94,0.02533248204390997
95,0.02431662400849244
96,0.0354006475862546
97,0.02525269446395816
98,0.04756571959836852
99,0.08361381646898933
