residue,prediction score
1,0.1121995337180706
2,0.10378950016072508
3,0.028368589361471595
4,0.08634642432276862
5,0.021010506308659603
6,0.11190226473598376
7,0.034136550235126954
8,0.38750274928334616
9,0.03419918755785338
10,0.04265386287947591
11,0.022205756803560576
12,0.1990174787144746
13,0.09383851178704793
14,0.171915549908248
15,0.08637310700254708
16,0.05597270864840915
17,0.04934492257542281
18,0.026292753167998124
19,0.061873213097777366
20,0.04150865591488622
21,0.38431878792438695
22,0.586442725607202
23,0.4564938436220586
24,0.6085039716784147
25,0.6309087564611514
26,0.7793947357894955
27,0.5689050694132208
28,0.4265968598005842
29,0.5025927011580948
30,0.2969702727456733
31,0.3273983556674777
32,0.4298499664920503
33,0.36983808393863227
34,0.29642515692109944
35,0.3932288110564738
36,0.03384065086042517
37,0.2205474538630003
38,0.2223263968743482
39,0.22022193041787388
40,0.12080192853872755
41,0.20924635870269065
42,0.21294967836771234
43,0.020558057137041518
44,0.06834897241280109
45,0.22305703642633284
46,0.2110306828221384
47,0.14045551512750926
48,0.020549849497770386
49,0.07315155154860331
50,0.020549849497770386
51,0.02069856513111003
52,0.14705370412576266
53,0.22804199955834364
54,0.3587741094588123
55,0.020738952223389683
56,0.0215990344334852
57,0.41512371624347605
58,0.4140418458312662
59,0.02081409173783933
60,0.6591985675186824
61,0.881362991323835
62,0.1457970016765338
63,0.4941699312212289
64,0.754219103745576
65,0.7984334442848624
66,0.4637048612730769
67,0.2793542468366844
68,0.021236631743237408
69,0.2337189825986809
70,0.3705985506040092
71,0.020709262638726248
72,0.042913561451969374
73,0.050670769802468485
74,0.028570743980617774
75,0.02042711921111386
76,0.020353347641776487
77,0.03440937973203816
78,0.029187486577483063
79,0.02336880107694011
80,0.023807501955565896
81,0.023910833351419462
82,0.02455801986361485
83,0.02384208330842369
84,0.020351434977354862
85,0.020349044394333268
86,0.024497769776726158
87,0.022380223164588032
88,0.02038684777629956
89,0.02035765178032426
90,0.02548837489497653
91,0.030050604150627217
92,0.02055612563911892
93,0.025228017152945426
94,0.0962951180265594
95,0.14602707966550085
96,0.23474558225908576
97,0.12318178542533892
98,0.08043422266460154
99,0.02044392195532262
100,0.06611573730673426
101,0.0778020826059609
102,0.30072901659359697
103,0.2702060107448156
104,0.2424104358108073
