residue,prediction score
8,0.20169093557899787
9,0.07396944270936749
10,0.02646271752792497
11,0.03431302204684482
12,0.03679259947916826
13,0.02076039352173228
14,0.026373291113382186
15,0.02333009850497664
16,0.02361857663592846
17,0.02254213826661344
18,0.03190633391498755
19,0.037048205686603934
20,0.023165093602115917
21,0.020584149755607337
22,0.11103677260480774
23,0.03233322956737834
24,0.035350967637913296
25,0.029113964583046218
26,0.06757396698122159
27,0.049564568182466594
28,0.0522531419655631
29,0.07617100108901881
30,0.09340774009290577
31,0.2122396660068238
32,0.2283322919425752
33,0.1486620543941089
34,0.3089675393332885
35,0.5502607588871333
36,0.1115004317469132
37,0.2607046802666729
38,0.07889794490875614
39,0.03461708441121765
40,0.04306737370897793
41,0.3240972436125261
42,0.5593884332747513
43,0.19293589823073107
44,0.5127015844463777
45,0.4884214295848952
46,0.6157062709212531
47,0.7697156731847445
48,0.6512811012841644
49,0.7401323222309941
50,0.4464849753580928
51,0.14893077491868226
52,0.02091747541448206
53,0.5410503518536258
54,0.0214208534172054
55,0.1628223107303889
56,0.08698344456325363
57,0.026050083515239263
58,0.036967010409012235
59,0.03162108292350644
60,0.02407804446810673
61,0.038651490339347415
62,0.02263069047508066
63,0.02079845643284814
64,0.025430781452066932
65,0.03500344028018327
66,0.039207144210221714
67,0.0237659943933072
68,0.08421396121741165
69,0.22946286990270984
70,0.1253835572121142
